inventory_code,gender,material,style,colour,branding,qual_probs
001COL704,female,plastic,classic,,,
001COL722,female,plastic,classic,,,
001COLV67,female,plastic,classic,,,
003COL700,female,plastic,classic,,,
003COL704,female,plastic,classic,,,
003COL722,female,plastic,classic,,,
003COL955,female,plastic,classic,,,
004COL700,female,plastic,classic,,,
006COL700,female,plastic,classic,,,
006COL722,female,plastic,classic,,,
006COLV67,female,plastic,classic,,,
007COL300X,female,plastic,classic,,,
007COL722,female,plastic,classic,,,
008COL579,female,plastic,classic,,,
008COL700,female,plastic,classic,,,
009COL300,female,plastic,classic,,,
009COL700,female,plastic,classic,,,
009COL722,female,plastic,classic,,,
009COL955,female,plastic,classic,,,
010COL300Y,female,plastic,classic,,,
010COL579G,female,plastic,classic,,,
010COL700,female,plastic,classic,,,
011COL700,female,plastic,classic,,,
011COLR72,female,plastic,classic,,,
012COL200,female,plastic,classic,,,
012COL568,female,plastic,classic,,,
012COL722,female,plastic,classic,,,
013COLV23,female,plastic,classic,,,
014COL722,female,plastic,classic,,,
014COLV21,female,plastic,classic,,,
015COL700,female,plastic,classic,,,
015COL722,female,plastic,classic,,,
015COLV67,female,plastic,classic,,,
016COL700,female,plastic,classic,,,
016COL722,female,plastic,classic,,,
016COLV64,female,plastic,classic,,,
016COLV67,female,plastic,classic,,,
017COL700,female,plastic,classic,,,
017COL722,female,plastic,classic,,,
018COL700/51,female,plastic,classic,,,
018COL704/49,female,plastic,classic,,,
018COL722/51,female,plastic,classic,,,
019COL722/52,female,plastic,classic,,,
023COLU30,female,plastic,classic,,,
023COLZ42,female,plastic,classic,,,
023COLZ73,female,plastic,classic,,,
024COL00T,female,plastic,classic,,,
024COL300T,female,plastic,classic,,,
024COL579,female,plastic,classic,,,
025COLT21,female,plastic,classic,,,
026COL704,female,plastic,classic,,,
027COL700,female,plastic,classic,,,
027COL704,female,plastic,classic,,,
027COLZ48,female,plastic,,,,
028COLT05,female,plastic,,,,
028COLV71,female,plastic,,,,
028COLW60,female,plastic,,,,
031COL700,female,plastic,,,,
032COLT60,female,plastic,,,,
032COLT62,female,plastic,,,,
038COLJ55/50,female,plastic,,,,
038COLJ56/50,female,plastic,,,,
038COLW19/50,female,plastic,,,,
038COLW20/50,female,plastic,,,,
038COLW28/50,female,plastic,,,,
039COLJ55/51,female,plastic,,,,
039COLJ57/51,female,plastic,,,,
040COLJ56/51,female,plastic,,,,
040COLW20/51,female,plastic,,,,
041COLJ55/50,female,plastic,,,,
041COLJ58/50,female,plastic,,,,
041COLJ59/50,female,plastic,,,,
042COL732S/51,female,plastic,,,,
043COL700/49,female,plastic,,,,
043COL736S/51,female,plastic,,,,
044COL722,female,plastic,,,,
044COLB19,female,plastic,,,,
045COL700,female,plastic,,,,
045COL722,female,plastic,,,,
047COLB39,female,plastic,,,,
047COLB40,female,plastic,,,,
047COLB41,female,plastic,,,,
049COL700,female,plastic,,,,
049COL722,female,plastic,,,,
051COLB57,female,plastic,,,,
051COLB58,female,plastic,,,,
052COLB01,female,plastic,,,,
052COLB02,female,plastic,,,,
052COLB03,female,plastic,,,,
052COLB44,female,plastic,,,,
052COLJ96,female,plastic,,,,
053COLB39/52,female,plastic,,,,
054COLB38/51,female,plastic,,,,
055COL700/51,female,plastic,,,,
056COL722/52,female,plastic,,,,
058COL700,female,plastic,,,,
058COLD78,female,plastic,,,,
058COLG47,female,plastic,,,,
059COLB99,female,plastic,,,,
059COLG67,female,plastic,,,,
060COL880,female,plastic,,,,
060COLB99,female,plastic,,,,
060COLG44,female,plastic,,,,
062COL700,female,plastic,,,,
062COLD67,female,plastic,,,,
1000,female,plastic,,,,
1226 COL 5700,female,plastic,,,,
1226 COL 703,female,plastic,,,,
1226 COL 716,female,plastic,,,,
1226 COL 9724,female,plastic,,,,
1227 COL 5700,female,plastic,,,,
1227 COL 703,female,plastic,,,,
1227 COL 716,female,plastic,,,,
1227 COL 9724,female,plastic,,,,
1230COL801/48,female,plastic,,,,
1231COL700,female,plastic,,,,
1231COL740,female,plastic,,,,
1233COL700,female,plastic,,,,
1233COL740,female,plastic,,,,
1235COL740,,plastic,,,,
1235COL740/47,,plastic,,,,
1235COL880,,plastic,,,,
1236 COL 880,,plastic,,,,
1239COL710/50,,plastic,,,,
124 COL 9967,,plastic,,,,
1240COL710/51,,plastic,,,,
1243COL801,,plastic,,,,
1244COL801,,plastic,,,,
1244COL880,,plastic,,,,
1245COL700,,plastic,,,,
1246COL724,,plastic,,,,
1247COL724,,plastic,,,,
1254COL700/48,,plastic,,,,
1254COL884/48,,plastic,,,,
1254COL900/50,,plastic,,,,
1255COL774/47,,plastic,,,,
1256COL700/48,,plastic,,,,
1257COL884,,plastic,,,,
1262COL700,,plastic,,,,
1262COL722,,plastic,,,,
1263COL722,,plastic,,,,
1263COL958,,plastic,,,,
1264COL722,,plastic,,,,
1264COL958,,plastic,,,,
1265COL700,,plastic,,,,
1266COLZ83,,plastic,,,,
1266COLZ86,,plastic,,,,
1266COLZ88,,plastic,,,,
1267COLU28,,plastic,,,,
1267COLZ83,,plastic,,,,
1268COLU28,,plastic,,,,
1268COLZ83,,plastic,,,,
127 COL 881,,plastic,,,,
127 COL 9967,,plastic,,,,
1270COL700/51,,plastic,,,,
1272COLV19/48,,plastic,,,,
1280COLV87,,plastic,,,,
1280COLZ42,unisex,plastic,classic,classic,medium,no problem
1280COLZ88,unisex,plastic,classic,classic,medium,no problem
1281COLU28,unisex,plastic,classic,classic,medium,no problem
1281COLV87,unisex,plastic,classic,classic,medium,no problem
1281COLZ88,unisex,plastic,classic,classic,medium,no problem
1284COLU20,unisex,plastic,classic,classic,medium,no problem
1284COLV88,unisex,plastic,classic,classic,medium,no problem
1284COLZ77,unisex,combination,classic,classic,discreet,no problem
1285COLV88,unisex,combination,classic,classic,discreet,no problem
1285COLV94,unisex,combination,classic,classic,discreet,no problem
1286MCOL200,unisex,combination,classic,classic,discreet,no problem
1286MCOL700,unisex,combination,classic,classic,discreet,no problem
1286MCOL705S,unisex,plastic,classic,classic,discreet,no problem
1286MCOL958,unisex,plastic,classic,classic,discreet,no problem
1287MCOL200,,plastic,,,,
1287MCOL568,,plastic,,,,
1287MCOL700,,plastic,,,,
1287MCOL710,,plastic,,,,
1287MCOL955,unisex,plastic,fashion /classic,classic,very discreet,no problem
1287MCOLV07S,unisex,plastic,fashion /classic,classic,very discreet,no problem
1291MCOL885,unisex,plastic,fashion /classic,classic,very discreet,no problem
1292MCOL700,unisex,plastic,fashion /classic,classic,very discreet,no problem
1292MCOL722,unisex,plastic,fashion /classic,classic,very discreet,no problem
1293COL700,unisex,plastic,fashion /classic,classic,very discreet,no problem
1293COL722,unisex,plastic,fashion /classic,classic,very discreet,no problem
1293COLV67,unisex,plastic,fashion /classic,classic,very discreet,no problem
1294COL700,unisex,plastic,fashion /classic,classic,very discreet,no problem
1294COL703Y,unisex,plastic,fashion /classic,classic,very discreet,no problem
1294COL722,unisex,combination,fashion /classic,classic,very discreet,no problem
1294COLV67,unisex,combination,fashion /classic,classic,very discreet,no problem
1295COL700,unisex,combination,fashion /classic,classic,very discreet,no problem
1295COL722,unisex,combination,fashion /classic,classic,very discreet,no problem
1295COLV67,unisex,combination,fashion /classic,classic,very discreet,no problem
1296COL700,unisex,combination,fashion /classic,classic,very discreet,no problem
1296COL739,unisex,combination,fashion /classic,fashion,very discreet,no problem
1296COL824,unisex,combination,fashion /classic,classic,very discreet,no problem
1297COL703,unisex,combination,fashion /classic,classic,very discreet,no problem
1297COL963,unisex,combination,fashion /classic,classic,very discreet,no problem
1297COLZ42X,unisex,combination,fashion /classic,classic,very discreet,no problem
1297COLZ42Y,unisex,plastic,fashion /classic,classic,very discreet,no problem
1299COL700,unisex,plastic,fashion /classic,classic,very discreet,no problem
1299COL955,unisex,plastic,fashion /classic,classic,very discreet,no problem
1299COL958,unisex,plastic,fashion /classic,classic,very discreet,no problem
1300COL700,unisex,plastic,fashion /classic,classic,very discreet,no problem
1300COL958,unisex,plastic,fashion /classic,classic,very discreet,no problem
1313COL700,unisex,plastic,fashion /classic,classic,very discreet,no problem
1313COL722,unisex,plastic,fashion /classic,classic,very discreet,no problem
1314COL700,unisex,plastic,fashion /classic,classic,very discreet,no problem
1319COLT80,unisex,plastic,fashion /classic,classic,very discreet,no problem
1319COLU28,unisex,plastic,fashion /classic,classic,very discreet,no problem
1319COLV87,unisex,plastic,fashion /classic,classic,very discreet,no problem
1320MCOLT35/47,unisex,plastic,fashion /classic,classic,very discreet,no problem
1321MCOL700/50,unisex,plastic,fashion /classic,fashion,very discreet,no problem
1322MCOLT35/49,unisex,plastic,fashion /classic,classic,discreet,no problem
1326MCOL700,unisex,plastic,fashion /classic,classic,discreet,no problem
1326MCOL722,unisex,plastic,fashion /classic,classic,discreet,no problem
1329MCOLT35/50,unisex,plastic,fashion /classic,classic,medium,no problem
1330MCOLT34/50,unisex,plastic,fashion /classic,fashion,medium,no problem
1332COL824,unisex,plastic,fashion /classic,classic,medium,no problem
1332COLT19,unisex,plastic,fashion /classic,fashion,medium,no problem
1332COLU28,,plastic,,,,
1332COLZ42,,plastic,,,,
1333COLT17,,plastic,,,,
1333COLT80,,plastic,,,,
1333COLU28,,plastic,,,,
1334COL824,unisex,plastic,fashion,classic,very discreet,no problem
1338COL700/45,unisex,plastic,fashion,classic,very discreet,no problem
1338COLT53/45,unisex,plastic,fashion,classic,very discreet,no problem
1338COLT71/45,unisex,plastic,fashion,classic,very discreet,no problem
1339COL700/45,unisex,plastic,fashion,classic,very discreet,no problem
1339COL700/47,unisex,plastic,fashion,classic,very discreet,no problem
1339COLT53/45,,plastic,,,,
1341MCOL700,,plastic,,,,
1341MCOLT95,,plastic,,,,
1341MCOLV85,unisex,plastic,sporty-classic,classic,very discreet,no problem
1343MCOL700,unisex,plastic,sporty-classic,classic,very discreet,no problem
1344MCOL700,unisex,plastic,sporty-classic,classic,very discreet,no problem
1344MCOLT95,,plastic,,,,
1347MCOL700,,plastic,,,,
1350COL760S,unisex,plastic,fashion /classic,classic,very discreet,no problem
1350MCOL608,unisex,plastic,fashion /classic,classic,very discreet,no problem
1350MCOL700,unisex,plastic,fashion /classic,classic,very discreet,no problem
1350MCOL703,unisex,plastic,fashion /classic,classic,very discreet,no problem
1350MCOL880,unisex,plastic,fashion /classic,classic,very discreet,no problem
1352COLB01,unisex,plastic,fashion /classic,classic,very discreet,no problem
1352COLB02,unisex,plastic,fashion /classic,classic,very discreet,no problem
1352COLB81,unisex,plastic,fashion /classic,classic,very discreet,no problem
1352COLB82,,plastic,,,,
1352COLB83,,plastic,,,,
1352COLJ96,,plastic,,,,
1353COL700,,plastic,,,,
1353COL704,,plastic,,,,
1354COL700,,plastic,,,,
1355COLT02,female,plastic,fashion /classic,classic,discreet,no problem
1355COLV87,female,plastic,fashion /classic,classic,discreet,no problem
1355COLW74,female,plastic,fashion /classic,fashion,discreet,no problem
1355COLW83,female,plastic,fashion /classic,classic,discreet,no problem
1355COLW85,female,plastic,fashion /classic,classic,discreet,no problem
1356COLU28,female,plastic,fashion /classic,classic,discreet,no problem
1356COLW74,female,plastic,fashion /classic,classic,discreet,no problem
1356COLW75,female,plastic,fashion /classic,fashion,discreet,no problem
1356COLW84,unisex,plastic,sporty-classic,fashion,very discreet,no problem
1357COLZ42Y,unisex,plastic,sporty-classic,fashion,very discreet,no problem
1358COL880,unisex,plastic,sporty-classic,classic,very discreet,no problem
1358COLW88,unisex,plastic,sporty-classic,classic,very discreet,no problem
1358COLZ42,unisex,plastic,sporty-fashion,fashion,very discreet,no problem
1358COLZ42Y,unisex,plastic,sporty-classic,fashion,very discreet,no problem
1359COLW88,unisex,plastic,sporty-fashion,fashion,very discreet,no problem
1366COL700,unisex,plastic,sporty-fashion,classic,very discreet,no problem
1369COL880,unisex,plastic,sporty-fashion,fashion,very discreet,no problem
1369COLT17,unisex,plastic,sporty-fashion,fashion,very discreet,no problem
1369COLU28,unisex,plastic,fashion /classic,classic,medium,no problem
1369COLU28Y,unisex,plastic,sporty-fashion,fashion,very discreet,no problem
1369COLW04,unisex,plastic,fashion /classic,fashion,medium,no problem
1369COLW74,unisex,plastic,fashion /classic,classic,medium,no problem
1369COLW83,unisex,plastic,fashion /classic,fashion,medium,no problem
1370COL700/48,unisex,plastic,fashion /classic,classic,medium,no problem
1370COL722/50,unisex,plastic,fashion /classic,fashion,medium,no problem
1370COLJ37/48,unisex,plastic,fashion /classic,fashion,very discreet,no problem
1370COLJ38/48,unisex,plastic,fashion /classic,fashion,very discreet,no problem
1371COL722/50,unisex,plastic,fashion /classic,fashion,very discreet,no problem
1372COL700/50,unisex,plastic,fashion /classic,fashion,very discreet,no problem
1372COL722/50,unisex,plastic,fashion /classic,fashion,very discreet,no problem
1372COLJ37/50,unisex,plastic,fashion /classic,fashion,very discreet,no problem
1372COLJ38/50,unisex,plastic,fashion /classic,fashion,very discreet,no problem
1372COLJ39/50,unisex,plastic,fashion /classic,fashion,very discreet,no problem
1372COLJ40/50,unisex,plastic,fashion /classic,fashion,very discreet,no problem
1373COL703/51,unisex,plastic,sporty-fashion,fashion,discreet,no problem
1373COL722S/51,unisex,plastic,sporty-fashion,fashion,discreet,no problem
1373COLJ41/49,unisex,plastic,sporty-fashion,fashion,discreet,no problem
1373COLJ42S/49,unisex,plastic,sporty-fashion,fashion,discreet,no problem
1373COLJ43S/49,unisex,plastic,sporty-fashion,fashion,discreet,no problem
1373COLV90/51,unisex,plastic,sporty-fashion,classic,discreet,no problem
1374COL703/49,unisex,plastic,sporty-fashion,classic,discreet,no problem
1374COL722S/51,,plastic,,,,
1374COLJ41/51,,plastic,,,,
1374COLJ43S/51,male,plastic,sporty-fashion,fashion,discreet,no problem
1374COLV90/49,male,plastic,sporty-fashion,fashion,discreet,no problem
1375COL703/49,male,plastic,sporty-fashion,fashion,discreet,no problem
1375COL722S/51,male,plastic,sporty-fashion,fashion,discreet,no problem
1375COLJ41/49,male,plastic,sporty-fashion,fashion,discreet,no problem
1375COLJ42S/49,male,plastic,sporty-fashion,fashion,discreet,no problem
1375COLJ43S/49,male,plastic,sporty-fashion,fashion,discreet,no problem
1375COLV90/49,male,plastic,sporty-fashion,fashion,discreet,no problem
1376COL703/51,,plastic,,,,
1376COL722S/53,,plastic,,,,
1376COLJ44/51,,plastic,,,,
1377COL703/51,,plastic,,,,
1377COL722S/51,,plastic,,,,
1377COLV90/51,,plastic,,,,
1378COL703/53,,plastic,,,,
1378COL722S/53,,plastic,,,,
1378COL843/53,,plastic,,,,
1378COLJ44/53,,plastic,,,,
1378COLV90/53,,plastic,,,,
1378COLW09/53,,plastic,,,,
1379COL703/51,,plastic,,,,
1379COL722S/51,,plastic,,,,
1379COL843/51,,plastic,,,,
1379COLJ44/51,,plastic,,,,
1379COLV90/51,,plastic,,,,
1379COLW09/51,,plastic,,,,
137COL703,,plastic,,,,
1381COL703,,plastic,,,,
1381COL722S,,plastic,,,,
1382COLB29,,plastic,,,,
1382COLB31,,plastic,,,,
1382COLB32,,plastic,,,,
1382COLB33,,plastic,,,,
1383COL722,,plastic,,,,
1384COLB01,,plastic,,,,
1384COLB03,,plastic,,,,
1384COLJ98,,plastic,,,,
1384COLU28,,plastic,,,,
1385COLB01,,plastic,,,,
1385COLB02,,plastic,,,,
1385COLB03,,plastic,,,,
1385COLJ96,,plastic,,,,
1385COLJ98,,plastic,,,,
1385COLU28,,plastic,,,,
1386COL722,,plastic,,,,
1386COLB92,,plastic,,,,
1387COL700,,plastic,,,,
1387COLB28,,plastic,,,,
1389COL703,,plastic,,,,
1389COL731S,,plastic,,,,
1389COL732S,,plastic,,,,
1389COL736S,,plastic,,,,
1389COLJ42S,,plastic,,,,
138COL703,,plastic,,,,
1390COLT17,,plastic,,,,
1390COLZ42,male,plastic,sporty-fashion classic,classic,very discreet,no problem
1390COLZ84,male,plastic,sporty-fashion classic,classic,very discreet,no problem
1391MCOL991,male,plastic,sporty-fashion classic,fashion,very discreet,no problem
1391MCOLU08,male,plastic,sporty-fashion classic,fashion,very discreet,no problem
1391MCOLU91,male,plastic,sporty-fashion classic,fashion,very discreet,no problem
1391MCOLZ42,male,plastic,sporty-fashion classic,fashion,very discreet,no problem
1399COLD47/50,male,plastic,sporty-fashion classic,classic,very discreet,no problem
1399COLD48/50,unisex,plastic,sporty-fashion,fashion,discreet,problem
1399COLZ69/50,unisex,plastic,sporty-fashion,fashion,discreet,problem
1400COLD45/52,unisex,plastic,sporty-fashion,fashion,discreet,problem
1400COLD47/52,unisex,plastic,sporty-fashion,fashion,discreet,problem
1400COLZ69/52,unisex,plastic,sporty-fashion,fashion,discreet,problem
1401COLD47/52,unisex,plastic,sporty-fashion,fashion,discreet,problem
1401COLZ69/52,unisex,plastic,sporty-fashion,fashion,discreet,problem
1402COLD47/52,unisex,plastic,sporty-fashion,fashion,discreet,problem
1402COLD50/52,unisex,plastic,sporty-fashion,fashion,discreet,problem
1402COLZ42/52,unisex,plastic,sporty-fashion,fashion,discreet,problem
1402COLZ69/52,male,plastic,sporty-fashion classic,classic,very discreet,no problem
1403COLD46/50,male,plastic,sporty-fashion classic,fashion,very discreet,no problem
1403COLD47/50,male,plastic,sporty-fashion classic,classic,very discreet,no problem
1403COLZ69/50,male,plastic,sporty-fashion classic,fashion/classic,very discreet,no problem
1417COL700/51,unisex,plastic,fashion,fashion,very discreet,no problem
1417COLG34/51,unisex,plastic,fashion,fashion,very discreet,no problem
1418COLD66,unisex,plastic,fashion,fashion,very discreet,no problem
1418COLG36,unisex,plastic,fashion,fashion,very discreet,no problem
1425COLG84,unisex,plastic,fashion,fashion,very discreet,no problem
1425COLM08,,plastic,,,,
1436COLD54,unisex,plastic,sporty-fashion classic,fashion,discreet,no problem
1436COLG51,unisex,plastic,sporty-fashion classic,classic,discreet,no problem
1436COLG88,unisex,plastic,sporty-fashion classic,fashion,discreet,no problem
1436COLZ42,unisex,plastic,sporty-fashion classic,fashion,discreet,no problem
1437COLW04K,unisex,plastic,sporty-fashion classic,fashion,discreet,no problem
1440COL700,unisex,plastic,sporty-fashion classic,fashion,discreet,no problem
154COL703,unisex,plastic,sporty-fashion classic,classic,discreet,no problem
154COL888,,plastic,,,,
155COL703,,plastic,,,,
155COL901,,plastic,,,,
157COL710,,plastic,,,,
157COL753,,plastic,,,,
162COL700,,plastic,,,,
162COLZ07,,plastic,,,,
168COLZ51,,plastic,,,,
168COLZ52,,plastic,,,,
168COLZ92,,plastic,,,,
169COLZ49,,plastic,,,,
169COLZ50,,plastic,,,,
169COLZ53,,plastic,,,,
170COL958,,plastic,,,,
170COLU84,,plastic,,,,
172COLV12/48,,plastic,,,,
1737COLW04K,,plastic,,,,
173COL889/48,,plastic,,,,
174COL700/47,,plastic,,,,
183MCOL700,,plastic,,,,
184MCOL710,,plastic,,,,
184MCOLT24,,plastic,,,,
185MCOLT24,,plastic,,,,
187MCOL954,,plastic,,,,
187MCOL955,,plastic,,,,
188COL700,,plastic,,,,
188COL703,,plastic,,,,
188COL703Y,,plastic,,,,
188COL824,,plastic,,,,
188COLJ08,,plastic,,,,
188COLJ11,,plastic,,,,
188COLJ12,,plastic,,,,
188COLT49,,plastic,,,,
188COLT52,,plastic,,,,
190COL024,,plastic,,,,
190COL700,,plastic,,,,
190COL703,,plastic,,,,
190COL824,,plastic,,,,
190COLJ08,,plastic,,,,
190COLJ11,,plastic,,,,
190COLJ12,,plastic,,,,
194COLV67S,,plastic,,,,
195COLT69,,plastic,,,,
195COLZ42,,plastic,,,,
196COLJ08S,,plastic,,,,
196COLJ11S,,plastic,,,,
196COLJ12S,,plastic,,,,
196COLT69,,plastic,,,,
196COLT85,,plastic,,,,
196COLW51,,plastic,,,,
196COLW52,,plastic,,,,
196COLZ42,,plastic,,,,
197COLT69,,plastic,,,,
197COLZ42,,plastic,,,,
198MCOLT43/47,,plastic,,,,
198MCOLT44/47,,plastic,,,,
2038 COL 030,,plastic,,,,
2039 COL 030,,plastic,,,,
2054COL030/5617,,plastic,,,,
206COL207/052,,plastic,,,,
2079COL130/5219,,plastic,,,,
208COL824,,plastic,,,,
208COLZ42,,plastic,,,,
2094COL250,,plastic,,,,
209COL220/058,,plastic,,,,
209COL700,,plastic,,,,
209COLV07,,plastic,,,,
210COL704,,plastic,,,,
210COLT89,,plastic,,,,
2114COL030/48,,plastic,,,,
2118COL030/54,,plastic,,,,
211COL220/058,,plastic,,,,
212COLT95,,plastic,,,,
212COLT96,,plastic,,,,
2136COL030,,plastic,,,,
2136COL055,,plastic,,,,
2136COL303,,plastic,,,,
2136COL426,,plastic,,,,
2137 COL 030,,plastic,,,,
2137 COL 5103,,plastic,,,,
2144 COL 303,,plastic,,,,
2144COL055,,plastic,,,,
2144COL070,,plastic,,,,
2144COOL030,,plastic,,,,
2145 COL 030,,plastic,,,,
2150COLPO/48,,plastic,,,,
2154COLL20/053,unisex,metal,classic,classic,medium,no problem
2156COLL40/53,unisex,metal,classic,classic,medium,no problem
2168COLD49/5020,unisex,metal,classic,classic,medium,no problem
2168COLL29/5020,,metal,,,,
2168COLP60/5020,,metal,,,,
2168COLP61/5020,,metal,,,,
2170COLD49/4720,,metal,,,,
2170COLL29/4720,unisex,metal,classic,classic,medium,no problem
2170COLP60/4720,,metal,,,,
2177 COL A01,,metal,,,,
2177 COL A20,,metal,,,,
2177COLA00,,metal,,,,
2177COLA20,,metal,,,,
2178COLA00,unisex,metal,classic,classic,medium,no problem
2178COLA01,,metal,,,,
2178COLA20,,metal,,,,
217MCOLT35/45,,metal,,,,
217MCOLT77/45,,metal,,,,
2180COL129,unisex,metal,classic,classic,medium,no problem
2182 COL 5102,unisex,metal,classic,classic,medium,no problem
2182 COL 5103,unisex,metal,classic,classic,medium,no problem
2182COL102,unisex,metal,classic,classic,medium,no problem
2182COL103,unisex,metal,classic,classic,medium,no problem
2182COL129,unisex,metal,classic,classic,medium,no problem
2182COL540,unisex,metal,classic,classic,medium,no problem
2184 COL 603,unisex,metal,classic,classic,medium,no problem
2192 COL 004,unisex,metal,classic,classic,medium,no problem
2192COL002,unisex,metal,classic,classic,medium,no problem
2192COL007,unisex,metal,classic,classic,medium,no problem
2192COL531,,metal,,,,
2192COL5531,,metal,,,,
2192COL5579,,metal,,,,
2192COL579,,metal,,,,
2192COL9579,,metal,,,,
2193 COL 004,,metal,,,,
2193COL5579,,metal,,,,
2193COL9579,,metal,,,,
2195 COL 008,,metal,,,,
2195COL004,,metal,,,,
2195COL008,unisex,metal,classic,classic,medium,no problem
2197COL002,unisex,metal,classic,classic,medium,no problem
219COL700,unisex,metal,classic,classic,medium,no problem
219COL704,unisex,metal,classic,classic,medium,no problem
219COL783,unisex,metal,classic,classic,medium,no problem
219COLT75,unisex,metal,classic,classic,medium,no problem
2202COL336/52,unisex,metal,classic,classic,medium,no problem
2203COL423/047,,metal,,,,
2204COL576/48,,metal,,,,
2205COL336/047,unisex,metal,classic,classic,medium,no problem
2207A COL 5100,unisex,metal,classic,classic,medium,no problem
2207A COL100,unisex,metal,classic,classic,medium,no problem
2207COL220/051,unisex,metal,classic,classic,medium,no problem
2208A COL 100,unisex,metal,classic,classic,medium,no problem
2208A COL 5100,unisex,metal,classic,classic,medium,no problem
2208COL220/047,unisex,metal,classic,classic,medium,no problem
2208COL220/49,unisex,metal,classic,classic,medium,no problem
2209 COL 220,unisex,metal,classic,fashion,medium,no problem
2209A COL 100,unisex,metal,classic,fashion,medium,no problem
2209A COL 5100,unisex,metal,classic,fashion,medium,no problem
2209COL400/49,unisex,metal,classic,classic,medium,no problem
2209COL576/049,unisex,metal,classic,classic,medium,no problem
2214COL203/044,unisex,metal,classic,fashion,medium,no problem
2214COL635/46,unisex,metal,classic,classic,medium,no problem
2215COL567/049,unisex,metal,classic,fashion,medium,no problem
2215COL581/,unisex,metal,classic,fashion,medium,no problem
2218COL630/048,unisex,metal,classic,fashion,medium,no problem
2219COL423/48,unisex,metal,classic,classic,medium,no problem
2221COL102,unisex,metal,classic,fashion,medium,no problem
2221COL120,unisex,metal,classic,fashion,medium,no problem
2221COL129,unisex,metal,classic,fashion,medium,no problem
2221COL576,,metal,,,,
2222COL102,,metal,,,,
2222COL120,,metal,,,,
2222COL129,,metal,,,,
2222COL5591,,metal,,,,
2222COL576,,metal,,,,
2223COL102,,metal,,,,
2225COL103,,metal,,,,
2225COL120,,metal,,,,
2225COL9507,,metal,,,,
222COL700,,metal,,,,
222COL704,,metal,,,,
222COL958,,metal,,,,
2230COL103,,metal,,,,
2231 COL 103,,metal,,,,
2232COL120,,metal,,,,
2235COL102,,metal,,,,
2235COL103,,metal,,,,
2235COL120,,metal,,,,
2235COL541,,metal,,,,
2236COL103,,metal,,,,
2236COL120,,metal,,,,
2236COL129,,metal,,,,
2236COL5591,,metal,,,,
2240COL120,,metal,,,,
2240COL5105,,metal,,,,
2241COL159,,metal,,,,
2241COL5105,unisex,metal,classic,classic,medium,no problem
2242COL5105,unisex,metal,classic,classic,medium,no problem
2242COL541,unisex,metal,classic,classic,medium,no problem
2244COL541,unisex,metal,classic,classic,medium,no problem
2245COL102,unisex,metal,classic,classic,medium,no problem
2245COL103,unisex,metal,classic,classic,medium,no problem
2245COL120,unisex,metal,classic,classic,medium,no problem
2246COL5540,unisex,metal,classic,classic,medium,no problem
2247COL103,unisex,metal,classic,classic,medium,no problem
224COL700,unisex,metal,classic,classic,medium,no problem
224COL703,unisex,metal,classic,classic,medium,no problem
224COL704,unisex,metal,classic,classic,medium,no problem
224COL958,unisex,metal,classic,classic,medium,no problem
224COLW61,unisex,plastic,,,,
2250 COL 5103,unisex,plastic,,,,
2250 COL 541,unisex,plastic,,,,
2250COL103,unisex,plastic,,,,
2250COL120,unisex,metal,,,,
2251COL103,unisex,metal,,,,
2251COL5103,unisex,metal,,,,
2251COL541,unisex,metal,,,,
2251COL5540,unisex,metal,classic,classic,medium,no problem
2252COL103,unisex,metal,classic,classic,medium,no problem
2252COL120,unisex,metal,classic,classic,medium,no problem
2253 COL 9507,unisex,metal,classic,classic,medium,no problem
2253COL5105,unisex,metal,classic,classic,medium,no problem
2254COL5591,unisex,metal,classic,classic,medium,no problem
2255COL5540,unisex,metal,classic,fashion,medium,no problem
2257COL103,,metal,,,,
2258COL541,,metal,,,,
2260COL101,,metal,,,,
2260COL120,,metal,,,,
2261COL220/048,,metal,,,,
2263COL329/051,,metal,,,,
2263COL576/051,unisex,metal,classic,classic,medium,no problem
2264COL540/050,unisex,metal,classic,classic,medium,no problem
2266COL220/050,unisex,metal,classic,classic,medium,no problem
2266COL508/050,unisex,metal,classic,classic,medium,no problem
2267COL220/049,unisex,metal,fashion /classic,fashion,medium,no problem
2268COL508/052,unisex,metal,fashion /classic,classic,medium,no problem
226COL700,,metal,,,,
226COLT91,,metal,,,,
2274COL100,,metal,,,,
2274COL120,,metal,,,,
2274COL5100,,metal,,,,
2274COL5550,unisex,metal,classic,fashion,medium,no problem
2274COL579,unisex,metal,classic,classic,medium,no problem
2274COL9579,unisex,metal,classic,classic,medium,no problem
2275 COL 100,unisex,metal,classic,classic,medium,no problem
2275 COL 120,unisex,metal,classic,classic,medium,no problem
2275 COL 579,unisex,metal,classic,fashion,medium,no problem
2276 COL 5100,unisex,metal,classic,classic,medium,no problem
2276 COL 535,unisex,metal,classic,fashion,medium,no problem
2276 COL 5550,unisex,metal,classic,classic,medium,no problem
2277 COL 5100,unisex,metal,classic,classic,medium,no problem
2277 COL 9579,,metal,,,,
2277COL100,,metal,,,,
2277COL579,,metal,,,,
2278 COL 5591,,metal,,,,
2278COL120,unisex,metal,classic,classic,medium,no problem
2278COL200,unisex,metal,classic,classic,medium,no problem
2279 COL 120,unisex,metal,classic,classic,medium,no problem
2279 COL 200,unisex,metal,classic,classic,medium,no problem
2279 COL 9507,,metal,,,,
2280 COL 5591,,metal,,,,
2280 COL 9507,,metal,,,,
2280COL200,,metal,,,,
2281 COL 200,,metal,,,,
2281COL101,,metal,,,,
2281COL120,,metal,,,,
2281COL200,,metal,,,,
2281COL579,,metal,,,,
2283 COL 220,,metal,,,,
2283 COL 5535,unisex,metal,classic,classic,medium,no problem
2283 COL 9579,unisex,metal,classic,classic,medium,no problem
2283COL220,unisex,metal,classic,fashion,medium,no problem
2284 COL 9579,unisex,metal,classic,fashion,medium,no problem
2284COL201,unisex,metal,classic,classic,medium,no problem
2284COL220,unisex,metal,classic,fashion,medium,no problem
2285 COL 9579,unisex,metal,classic,fashion/classic,medium,no problem
2285COL200,unisex,metal,classic,fashion/classic,medium,no problem
2285COL201,unisex,metal,classic,fashion/classic,medium,no problem
2285COL220,unisex,metal,classic,fashion,medium,no problem
2286COL120,unisex,metal,classic,classic,medium,no problem
2287 COL 201,unisex,metal,classic,fashion,medium,no problem
2287 COL 220,unisex,metal,classic,fashion,medium,no problem
2287 COL 541,unisex,metal,classic,fashion,medium,no problem
2287 COL 9507,unisex,metal,classic,classic,medium,no problem
2287 COL 9591,unisex,metal,classic,classic,medium,no problem
2287COL200,unisex,metal,classic,fashion,medium,no problem
2288 COL 201,unisex,metal,classic,classic,medium,no problem
2288 COL 220,unisex,metal,classic,classic,medium,no problem
2288 COL 541,unisex,metal,classic,classic,medium,no problem
2288 COL 9507,unisex,metal,classic,classic,medium,no problem
2288 COL 9591,unisex,metal,classic,fashion,medium,no problem
2299COL101,unisex,metal,classic,fashion,medium,no problem
2299COL120,unisex,metal,classic,fashion,medium,no problem
2299COL200,unisex,metal,classic,classic,medium,no problem
229COLU28,male,metal,classic,classic,medium,no problem
229COLZ43,male,metal,classic,classic,medium,no problem
2305COL220,male,metal,classic,classic,medium,no problem
230COL700,male,metal,classic,classic,medium,no problem
230COLT78,male,metal,classic,classic,medium,no problem
2310 COL 201,unisex,metal,classic,classic,medium,no problem
2311 COL 220,unisex,metal,fashion /classic,fashion,medium,no problem
2311 COL 9507,unisex,metal,fashion /classic,fashion,medium,no problem
2312COL647/51,unisex,metal,fashion /classic,classic,medium,no problem
2315COL200/52,unisex,metal,classic,fashion,medium,no problem
2316COL503/49,unisex,metal,classic,classic,medium,no problem
2316COL627/49,unisex,metal,classic,classic,medium,no problem
2317COL503/49,unisex,metal,classic,fashion,medium,no problem
2317COL531/49,unisex,metal,classic,classic,medium,no problem
2318COL200/48,unisex,metal,classic,classic,medium,no problem
2318COL220/48,unisex,metal,classic,classic,medium,no problem
2318COL642/48,,metal,,,,
2319COL200/51,unisex,metal,fashion /classic,classic,medium,no problem
2319COL220/49,unisex,metal,fashion /classic,classic,medium,no problem
2319COL220/51,unisex,metal,fashion /classic,classic,medium,no problem
231COLT35,unisex,metal,fashion /classic,fashion,medium,no problem
231COLT38,unisex,metal,fashion /classic,fashion,medium,no problem
2320COL220/50,unisex,metal,fashion /classic,classic,medium,no problem
2322COL220/49,unisex,metal,fashion /classic,classic,medium,no problem
2322COL503/49,unisex,metal,fashion /classic,classic,medium,no problem
2322COL531/49,unisex,metal,fashion /classic,classic,medium,no problem
2322COL569/49,unisex,metal,fashion /classic,fashion,medium,no problem
2322COL643/49,unisex,metal,fashion /classic,fashion,medium,no problem
2323COL643/48,male,metal,classic,classic,medium,no problem
2324COL200/51,male,metal,classic,classic,medium,no problem
2324COL201/51,male,metal,classic,classic,medium,no problem
2324COL220/51,,metal,,,,
2324COL300/51,,metal,,,,
2324COL503/51,,metal,,,,
2324COL531/51,,metal,,,,
2324COL643/51,,metal,,,,
2325COL200/50,unisex,metal,fashion /classic,classic,discreet,no problem
2325COL200/52,unisex,metal,classic,classic,discreet,no problem
2325COL220/50,unisex,metal,classic,fashion,discreet,no problem
2325COL220/52,,metal,,,,
2325COL569/50,,metal,,,,
2325COL643/50,,metal,,,,
2326COL220/47,,metal,,,,
2326COL220/49,,metal,,,,
2326COL220/51,,metal,,,,
2326COL531/49,,metal,,,,
2326COL569/51,,metal,,,,
2326COL643/47,,metal,,,,
2326COL643/49,,metal,,,,
2327COL120,,metal,,,,
2327COL200,,metal,,,,
2327COL201,,metal,,,,
2327COL220,,metal,,,,
2327COL545,,metal,,,,
2328 COL 220,,metal,,,,
2328COL201,,metal,,,,
2328COL220,,metal,,,,
2329 COL 220,,metal,,,,
2329 COL 9552,,metal,,,,
2329COL200,,metal,,,,
2329COL545,,metal,,,,
2329COL9552,,metal,,,,
232COLJ25/49,,metal,,,,
2331 COL 220,,metal,,,,
2331COL545,,metal,,,,
2332COL200,,metal,,,,
2332COL201,,metal,,,,
2332COL584,,metal,,,,
2333COL9552,,metal,,,,
2335 COL 201,,metal,,,,
2335 COL 220,,metal,,,,
2335 COL 9507,,metal,,,,
2335 COL 9591,,metal,,,,
2336 COL 201,,metal,,,,
2336 COL 220,,metal,,,,
2336 COL 9507,,metal,,,,
2336 COL 9591,,metal,,,,
2336COL220,,metal,,,,
2337 COL 201,,metal,,,,
2337 COL 220,,metal,,,,
2337 COL 9507,unisex,metal,classic,classic,medium,no problem
2337 COL 9591,unisex,metal,classic,classic,medium,no problem
2339 COL 220,unisex,metal,classic,classic,medium,no problem
2339 COL 9591,unisex,metal,classic,classic,medium,no problem
2339COL200,unisex,metal,classic,classic,medium,no problem
233COLJ27/48,male,metal,classic,classic,medium,no problem
2340 COL 201,male,metal,classic,classic,medium,no problem
2340 COL 220,male,metal,classic,classic,medium,no problem
2340 COL 9507,unisex,metal,classic,classic,medium,no problem
2340 COL 9591,unisex,metal,classic,classic,medium,no problem
2342COL531,unisex,metal,classic,classic,medium,no problem
2342COL9667,unisex,metal,classic,classic,medium,no problem
2344COL531,unisex,metal,classic,classic,medium,no problem
2344COL9667,,metal,,,,
2346COL667,unisex,metal,fashion,classic,medium,no problem
2346COL9672,unisex,metal,fashion,classic,medium,no problem
2347COL667,male,metal,classic,classic,medium,no problem
2347COL9672,male,metal,classic,classic,medium,no problem
2348COL300/51,male,metal,classic,classic,medium,no problem
2348COL567/51,unisex,metal,classic,fashion,medium,no problem
2349COL300/50,unisex,metal,classic,classic,medium,no problem
2349COL567/50,unisex,metal,classic,classic,medium,no problem
234COLZ50/47,unisex,metal,classic,fashion,medium,no problem
2350COL300/50,unisex,metal,classic,classic,medium,no problem
2350COL567/50,unisex,metal,classic,classic,medium,no problem
2351COL201,unisex,metal,classic,classic,medium,no problem
2352COL220,unisex,metal,classic,fashion,medium,no problem
2352COL9552,unisex,metal,classic,fashion,medium,no problem
2353COL201,unisex,metal,classic,classic,medium,no problem
2353COL220,unisex,metal,classic,classic,medium,no problem
2353COL9552,unisex,metal,classic,classic,medium,no problem
2355COL220,unisex,metal,classic,classic,medium,no problem
2355COL9552,unisex,metal,classic,classic,medium,no problem
2356COL220,male,metal,classic,classic,medium,no problem
2357COL201,male,metal,classic,fashion,medium,no problem
2357COL591,male,metal,classic,classic,medium,no problem
2357COL9552,,metal,,,,
2358COL201,unisex,metal,classic,classic,medium,no problem
2358COL531,unisex,metal,classic,classic,medium,no problem
2358COL9589,unisex,metal,classic,classic,medium,no problem
2361COL531,unisex,metal,classic,classic,medium,no problem
2361COL9667,unisex,metal,classic,classic,discreet,no problem
2362COLQ14/50,unisex,metal,classic,fashion,discreet,no problem
2363COLQ13/49,unisex,metal,sporty-fashion,classic,discreet,no problem
2363COLQ14/49,unisex,metal,sporty-fashion,fashion,discreet,no problem
2364COL300/48,unisex,metal,sporty-fashion,classic,discreet,no problem
2364COLQ13/48,unisex,metal,sporty-fashion,fashion,discreet,no problem
2364COLQ14/48,unisex,metal,sporty-fashion,classic,discreet,no problem
2368COL531/49,unisex,metal,sporty-fashion,fashion,discreet,no problem
2368COL642/49,,metal,,,,
2369COL531/51,,metal,,,,
2369COL642/51,,metal,,,,
236COL700/49,,metal,,,,
236COLJ28/49,,metal,,,,
237COLJ26/50,,metal,,,,
237COLJ27/50,,metal,,,,
2380COL647,unisex,metal,classic,classic,discreet,no problem
2381COL201,unisex,metal,fashion /classic,classic,discreet,no problem
2381COL220,unisex,metal,fashion /classic,fashion,discreet,no problem
2383COL531/49,unisex,metal,classic,classic,discreet,no problem
2383COL581/49,unisex,metal,classic,classic,discreet,no problem
2383COL619/49,unisex,metal,classic,fashion,discreet,no problem
2383COL648/49,unisex,metal,fashion /classic,classic,discreet,no problem
2383COL671/49,unisex,metal,fashion /classic,fashion,discreet,no problem
2383COLQ09/49,unisex,metal,classic,classic,discreet,no problem
2384COL300/49,unisex,metal,classic,classic,discreet,no problem
2384COL531/49,unisex,metal,classic,fashion,discreet,no problem
2384COL568/49,unisex,metal,fashion /classic,fashion,discreet,no problem
2384COL581/49,unisex,metal,classic,classic,discreet,no problem
2384COL619/49,unisex,metal,classic,classic,discreet,no problem
2384COL648/49,unisex,metal,fashion /classic,fashion,discreet,no problem
2384COL671/49,unisex,metal,classic,classic,discreet,no problem
2384COLQ09/49,unisex,metal,classic,fashion,discreet,no problem
2384COLQ11/49,,metal,,,,
2385COL300/47,,metal,,,,
2385COL531/47,,metal,,,,
2385COL568/47,,metal,,,,
2385COL581/47,,metal,,,,
2385COL619/47,,metal,,,,
2385COL648/47,,metal,,,,
2385COL671/47,,metal,,,,
2385COLQ09/47,,metal,,,,
2385COLQ11/47,,metal,,,,
2386COL531/51,,metal,,,,
2386COL581/51,,metal,,,,
2386COL619/51,,metal,,,,
2386COL648/51,,metal,,,,
2386COL671/51,male,metal,classic,classic,medium,no problem
2386COLQ09/51,male,metal,classic,classic,medium,no problem
2389COL078/47,male,metal,classic,classic,medium,no problem
2390COL078/47,,metal,,,,
2392COL201,,metal,,,,
2392COL220,,metal,,,,
2394COL201,,metal,,,,
2394COL220,,metal,,,,
2394COL568,,metal,,,,
2394COLQ11,,metal,,,,
2396COL220,,metal,,,,
2398COL200,,metal,,,,
2398COL710,,metal,,,,
2399COL760,,metal,,,,
2400COL700,,metal,,,,
2400COL710,,metal,,,,
2400COL760,,metal,,,,
2400COL880,,metal,,,,
2400COL954,,metal,,,,
2400COL955,,metal,,,,
2401COL531,,metal,,,,
2401COL710,,metal,,,,
2402COL220,,metal,,,,
2403COL268,,metal,,,,
2403COL667,,metal,,,,
2404COL249,,metal,,,,
2404COL581,,metal,,,,
2408COL200,,metal,,,,
2408COL568,,metal,,,,
2408COLQ11,,metal,,,,
240MCOL700,,metal,,,,
240MCOL700X,,metal,,,,
240MCOL703,,metal,,,,
240MCOL873,,metal,,,,
240MCOLC05,,metal,,,,
2411COL200,,metal,,,,
2411COL568,,metal,,,,
2411COLQ11,,metal,,,,
2412COL700,,metal,,,,
2412COL722,,metal,,,,
2413COL700,,metal,,,,
2413COL722,,metal,,,,
2414COL700,male,combination,classic,classic,discreet,no problem
2414COL722,male,combination,classic,classic,discreet,no problem
241MCOL700,unisex,combination,classic,classic,discreet,no problem
241MCOL700X,unisex,combination,classic,fashion,discreet,no problem
241MCOL703,unisex,combination,classic,classic,discreet,no problem
241MCOL873,unisex,combination,classic,fashion,discreet,no problem
241MCOLC05,unisex,combination,classic,fashion,discreet,no problem
2425COL201,unisex,combination,classic,fashion,discreet,no problem
2425COL220,unisex,combination,classic,classic,discreet,no problem
2425COL249,unisex,combination,classic,classic,discreet,no problem
2425COL628,unisex,combination,classic,classic,discreet,no problem
2425COLK08,,metal,,,,
2426COL220,unisex,metal,fashion /classic,classic,discreet,no problem
2426COL249,unisex,metal,fashion /classic,classic,discreet,no problem
2426COLK08,unisex,metal,fashion /classic,classic,discreet,no problem
2428COL201,unisex,metal,fashion /classic,fashion,discreet,no problem
2428COL220,unisex,metal,classic,classic,discreet,no problem
2428COL581,unisex,metal,classic,classic,discreet,no problem
2429COL201,unisex,metal,classic,classic,discreet,no problem
2429COL220,,plastic,,,,
2429COL581,,plastic,,,,
242MCOL700,,plastic,,,,
242MCOL703,,plastic,,,,
242MCOLB15,,,,,,
2432COL220,unisex,metal,classic,classic,discreet,no problem
2434COL220,unisex,metal,classic,classic,discreet,no problem
2434COL349,unisex,metal,classic,classic,discreet,no problem
2439COL568/47,unisex,metal,classic,classic,medium,no problem
2439COL568/49,unisex,metal,classic,classic,medium,no problem
243MCOL700,unisex,metal,classic,classic,medium,no problem
243MCOL703X,unisex,metal,classic,classic,medium,no problem
243MCOLB15,unisex,metal,classic,classic,medium,no problem
2440COL508/47,unisex,metal,classic,classic,medium,no problem
2440COLF30/47,,plastic,,,,
2440COLQ11/47,,plastic,,,,
2443COL508/49,,plastic,,,,
2443COL568/49,,plastic,,,,
2443COLQ25/49,,plastic,,,,
2444COL508/48,unisex,metal,classic,classic,medium,no problem
2444COL531/48,unisex,metal,classic,classic,medium,no problem
2444COLF30/48,unisex,metal,classic,classic,medium,no problem
2446COL568/52,unisex,metal,classic,classic,medium,no problem
2446COLQ11/52,unisex,metal,classic,classic,medium,no problem
2447COL200/47,unisex,metal,classic,classic,medium,no problem
2447COL508/47,unisex,metal,classic,classic,medium,no problem
2447COLF30/47,unisex,metal,classic,classic,medium,no problem
2447COLQ11/47,unisex,metal,classic,classic,medium,no problem
2447COLQ12/47,unisex,metal,classic,classic,medium,no problem
2448COLQ11/52,unisex,metal,classic,classic,medium,no problem
2449COL508/50,unisex,metal,classic,classic,medium,no problem
2450COL508/48,unisex,metal,classic,classic,medium,no problem
2450COL531/48,unisex,metal,classic,classic,medium,no problem
2450COLQ11/48,,plastic,,,,
2451COL531/48,,plastic,,,,
2451COL568/46,,plastic,,,,
2451COL568/48,,plastic,,,,
2451COL581/46,,metal,,,,
2451COL581/48,,metal,,,,
2451COL619/48,,metal,,,,
2451COLQ11/46,,metal,,,,
2451COLQ11/48,,plastic,,,,
2451COLQ37/48,,plastic,,,,
2452COL531/46,,plastic,,,,
2452COL568/46,,metal,,,,
2452COL581/46,,metal,,,,
2452COL619/46,,metal,,,,
2452COLQ11/46,,metal,,,,
2452COLQ37/46,,metal,,,,
2453COL531/48,,metal,,,,
2453COL568/48,,metal,,,,
2453COL581/48,,metal,,,,
2453COLQ11/48,,metal,,,,
2453COLQ37/48,,metal,,,,
2454COL300/52,,metal,,,,
2454COL568/52,,metal,,,,
2454COLQ11/52,,metal,,,,
2455COL220,,metal,,,,
2458COL508/50,,metal,,,,
2460COL201,,metal,,,,
2460COL220,,metal,,,,
2460COL249,,metal,,,,
2460COL531,,metal,,,,
2460COLK05,,metal,,,,
2463COL200,,metal,,,,
2466COL201,,metal,,,,
2466COL568,,metal,,,,
2466COLF30,,metal,,,,
2467COL201,,metal,,,,
2467COL568,,metal,,,,
2467COLF30,,metal,,,,
2467COLKO5,,metal,,,,
2468COL531,,metal,,,,
2468COL531Y,,metal,,,,
2468COLK05,,metal,,,,
246COLC51,,metal,,,,
246MCOL700,,metal,,,,
246MCOL703,,metal,,,,
246MCOLC50,,metal,,,,
246MCOLC51,,metal,,,,
246MCOLC52,,metal,,,,
2470COL568,,metal,,,,
2470COLK05,,metal,,,,
2470COLW62,,metal,,,,
2471COLK05,,metal,,,,
2471COLW62,,metal,,,,
2472COL300/49,,metal,,,,
2472COL568/49,,metal,,,,
2472COL581/49,,metal,,,,
2472COL619/49,,metal,,,,
2472COLQ11/49,unisex,metal,classic,classic,discreet,no problem
2474COL201,unisex,metal,classic,classic,discreet,no problem
2474COL531,unisex,metal,classic,classic,discreet,no problem
2474COL531Y,unisex,metal,classic,classic,discreet,no problem
2474COL581,unisex,metal,classic,classic,discreet,no problem
2474COLF30,male,metal,classic,classic,discreet,no problem
2474COLK05,unisex,metal,classic,classic,medium,no problem
2475COL201,unisex,metal,classic,classic,medium,no problem
2475COL220,unisex,metal,classic,classic,medium,no problem
2475COL531,unisex,metal,classic,classic,medium,no problem
2475COL568,unisex,metal,classic,classic,medium,no problem
2475COL568Y,unisex,metal,classic,classic,medium,no problem
2476COL220,unisex,metal,classic,classic,medium,no problem
2476COL568Y,unisex,metal,classic,classic,medium,no problem
2477COL201,unisex,metal,classic,classic,medium,no problem
2477COL220,unisex,metal,classic,classic,medium,no problem
2477COL568,,plastic,,,,
2477COL581,,plastic,,,,
2477COLK05,,plastic,,,,
2478COL722,,plastic,,,,
2478COLW62,,plastic,,,,
2478COLW67,,plastic,,,,
2479COL531,unisex,combination,fashion /classic,classic,medium,no problem
2479COL568,unisex,combination,fashion /classic,classic,medium,no problem
2479COL581,unisex,combination,fashion /classic,classic,medium,no problem
2479COLK05,unisex,combination,fashion /classic,classic,medium,no problem
2480COL531,unisex,combination,fashion /classic,classic,medium,no problem
2480COL568,,,,,,
2480COLK05,,,,,,
2481COL700,,,,,,
2481COLW67,,,,,,
2482COL722,,,,,,
2482COLW62,unisex,metal,fashion /classic,classic,medium,no problem
2482COLW67,unisex,metal,fashion /classic,fashion,medium,no problem
2483COL568,unisex,metal,fashion /classic,classic,medium,no problem
2483COLK05,unisex,metal,fashion /classic,classic,medium,no problem
2484COL568,unisex,metal,fashion /classic,classic,medium,no problem
2484COLK05,unisex,metal,fashion /classic,classic,medium,no problem
2485COL568,unisex,metal,classic,classic,medium,no problem
2485COLK05,unisex,metal,classic,classic,medium,no problem
2485COLV95,unisex,metal,classic,classic,medium,no problem
2487COL201,unisex,metal,classic,classic,medium,no problem
2487COL531,unisex,metal,classic,classic,medium,no problem
2487COL627,unisex,metal,classic,classic,medium,no problem
2488COL201,unisex,metal,classic,classic,medium,no problem
2488COL531,unisex,metal,classic,classic,medium,no problem
2488COL531Y,unisex,metal,classic,classic,medium,no problem
2488COL627,unisex,metal,classic,classic,medium,no problem
2488COLK05,unisex,metal,classic,classic,medium,no problem
2489COL201,unisex,metal,classic,classic,medium,no problem
2489COL627,unisex,combination,classic,classic,very discreet,no problem
2490COL568,unisex,combination,classic,classic,very discreet,no problem
2490COLK05,unisex,combination,classic,classic,very discreet,no problem
2491COL581,unisex,metal,classic,classic,very discreet,no problem
2491COLK05,unisex,metal,classic,classic,very discreet,no problem
2496COL568,unisex,metal,classic,classic,very discreet,no problem
2496COL581,unisex,metal,classic,classic,very discreet,no problem
2496COLK05,unisex,metal,classic,classic,very discreet,no problem
2500COL700,unisex,metal,classic,classic,very discreet,no problem
2500COL722,unisex,metal,classic,classic,very discreet,no problem
2501COL722,unisex,combination,classic,classic,very discreet,no problem
2503COL648/48,unisex,combination,classic,classic,very discreet,no problem
2503COLQ11/48,unisex,combination,classic,classic,very discreet,no problem
2504COL568/51,unisex,combination,classic,classic,very discreet,no problem
2504COLQ11/51,unisex,combination,classic,classic,very discreet,no problem
2505COL568/48,unisex,metal,fashion /classic,classic,medium,no problem
2505COLP05/48,unisex,metal,fashion /classic,classic,medium,no problem
2506COL300/49,unisex,metal,classic,classic,medium,no problem
2506COL531/49,unisex,metal,classic,classic,medium,no problem
2506COL568/51,unisex,metal,classic,classic,medium,no problem
2507COL581/49,unisex,metal,classic,classic,medium,no problem
2507COLQ11/49,unisex,metal,classic,classic,medium,no problem
2508COL531/49,unisex,metal,classic,classic,prominent,no problem
2508COL568/49,unisex,metal,classic,classic,prominent,no problem
2508COL581/49,unisex,metal,classic,classic,prominent,no problem
2508COLQ11/49,unisex,metal,classic,classic,prominent,no problem
2509COLK92/50,unisex,metal,classic,classic,prominent,no problem
2510COL568/48,unisex,metal,classic,classic,prominent,no problem
2510COLP05/48,unisex,metal,classic,classic,prominent,no problem
2511COL531/47,unisex,metal,classic,classic,prominent,no problem
2511COL564/47,male,metal,classic,classic,prominent,no problem
2512COLP05/48,male,metal,classic,classic,prominent,no problem
2519COLR08/48,unisex,metal,fashion /classic,classic,discreet,no problem
2520COL568/48,unisex,metal,fashion /classic,classic,discreet,no problem
2520COL642/48,unisex,metal,fashion /classic,classic,discreet,no problem
2521COL531/51,unisex,metal,fashion /classic,classic,discreet,no problem
2521COL568/51,unisex,metal,fashion /classic,classic,very discreet,no problem
2521COL642/51,unisex,metal,fashion /classic,classic,very discreet,no problem
2522COL568/53,unisex,metal,fashion /classic,classic,very discreet,no problem
2522COL648/53,unisex,combination,classic,classic,discreet,no problem
2523COL568/50,unisex,combination,classic,classic,discreet,no problem
2523COL568/58,unisex,combination,classic,classic,discreet,no problem
2523COL648/52,unisex,combination,classic,classic,discreet,no problem
2524COLK05/47,,titanium,,,,
2524COLR35/47,,titanium,,,,
2526COL531(50),,titanium,,,,
2526COL568/50,,titanium,,,,
2526COLQ14/50,,titanium,,,,
2527COL568/49,,titanium,,,,
2527COLQ14/47,,titanium,,,,
2528COL642/48,,titanium,,,,
2528COLQ14/48,,titanium,,,,
2529COLQ14/47,,titanium,,,,
2529COLR35/47,,titanium,,,,
253MCOL700/49,,titanium,,,,
253MCOL916/49,,titanium,,,,
253MCOLG35/49,,titanium,,,,
2540COL568/48,,titanium,,,,
2540COLQ14/48,,titanium,,,,
2540COLV95/48,,titanium,,,,
2541MCOL568/46,,titanium,,,,
2541MCOL581/46,,titanium,,,,
2541MCOLQ11/46,,titanium,,,,
2542COL531(48),,titanium,,,,
2542COL568(48),,titanium,,,,
2542COLQ11/48,,titanium,,,,
2544COL627/47,,metal,,,,
2544COLP05/47,,metal,,,,
2545COLP05/47,,metal,,,,
2546COL568/45,,metal,,,,
2546COL648/45,,metal,,,,
2546COL654/45,,metal,,,,
2546COLP05/45,,metal,,,,
2547COL531/48,,metal,,,,
2547COL568/48,,metal,,,,
2547COL648/48,,metal,,,,
2547COL654/48,,metal,,,,
2547COLP05/48,,metal,,,,
2548COLK20Y,,metal,,,,
2548COLK84Y,,metal,,,,
2549COL531/46,,metal,,,,
2549COL627/46,,metal,,,,
2549COLP05/46,,metal,,,,
254COL700,,metal,,,,
254MCOL979/48,,metal,,,,
2550COL300/51,,metal,,,,
2550COLP05/49,,metal,,,,
2551COL627/47,,metal,,,,
2551COLP05/47,,plastic,,,,
2552COL568,,plastic,,,,
2554COL531,,plastic,,,,
2555COL201,,metal,,,,
2555COL568,,metal,,,,
2555COL581,,metal,,,,
2555COLK05,,metal,,,,
2556COL201,,metal,,,,
2556COL568,,metal,,,,
2556COL581,,metal,,,,
2556COLK05,,metal,,,,
2557COL531,,metal,,,,
2557COLK05,,titanium,,,,
2557COLK20,,titanium,,,,
2557COLK84,,titanium,,,,
2558COLK20Y,,titanium,,,,
2558COLK84Y,,titanium,,,,
2559COL531,,titanium,,,,
2559COL568,,titanium,,,,
2559COLK05,,titanium,,,,
2559COLK20,,titanium,,,,
2559COLK84,,titanium,,,,
2560COL531,,titanium,,,,
2560COLK05,,titanium,,,,
2560COLK20,,titanium,,,,
2560COLK20Y,,titanium,,,,
2560COLK84,unisex,metal,fashion /classic,fashion,very discreet,no problem
2560COLK84Y,unisex,metal,fashion /classic,fashion,very discreet,no problem
2561COL568,,titanium,,,,
2561COL600,,titanium,,,,
2564COL568,,titanium,,,,
2564COL600,,plastic,,,,
2564COL648,,plastic,,,,
2565COL568,,titanium,,,,
2565COL603,,titanium,,,,
2566COL531,,titanium,,,,
2566COL568,,titanium,,,,
2566COL602,,titanium,,,,
2566COL603,unisex,metal,classic,classic,medium,no problem
2567COL568,unisex,metal,classic,classic,medium,no problem
2567COL603,unisex,metal,classic,classic,medium,no problem
2568COL568,unisex,metal,classic,classic,medium,no problem
2569COL201,unisex,metal,classic,classic,medium,no problem
2569COL568,unisex,metal,classic,classic,medium,no problem
2569COL581,unisex,metal,classic,classic,medium,no problem
2569COL627,unisex,metal,classic,classic,medium,no problem
2570COL201,unisex,metal,classic,classic,medium,no problem
2570COL627,unisex,metal,classic,classic,very discreet,no problem
2571COL201,unisex,metal,classic,classic,very discreet,no problem
2571COL220,unisex,metal,classic,classic,very discreet,no problem
2571COL531,unisex,metal,classic,classic,very discreet,no problem
2571COL568,unisex,metal,fashion /classic,fashion,very discreet,no problem
2571COL581,unisex,metal,fashion /classic,fashion,very discreet,no problem
2571COLK05,unisex,metal,classic,classic,very discreet,no problem
2572COL568,unisex,metal,classic,classic,very discreet,no problem
2572COL627,unisex,metal,classic,classic,very discreet,no problem
2576COLK05,unisex,metal,classic,classic,very discreet,no problem
2586COL648/45,unisex,metal,classic,classic,very discreet,no problem
2586COL654/45,unisex,metal,fashion /classic,classic,very discreet,no problem
2586COLK92/45,unisex,metal,fashion /classic,classic,very discreet,no problem
2586COLQ02/45,unisex,metal,fashion /classic,fashion,very discreet,no problem
2587COL648/46,unisex,metal,fashion /classic,classic,very discreet,no problem
2587COLK92/46,unisex,metal,fashion /classic,fashion,very discreet,no problem
2587COLQ02/46,unisex,metal,fashion /classic,classic,very discreet,no problem
2588COL568/46,unisex,metal,classic,classic,very discreet,no problem
2588COLP05/46,unisex,metal,classic,classic,very discreet,no problem
2589COL568/46,unisex,metal,classic,classic,very discreet,no problem
2589COLP05/46,unisex,metal,classic,classic,very discreet,no problem
258MCOLD60/48,unisex,metal,classic,classic,very discreet,no problem
258MCOLD61/48,unisex,metal,classic,classic,very discreet,no problem
258MCOLD62/48,unisex,metal,classic,classic,very discreet,no problem
2590COL564/45,unisex,metal,classic,classic,very discreet,no problem
2590COL627/45,unisex,metal,fashion /classic,classic,medium,problem
2590COL654/45,unisex,metal,fashion /classic,classic,medium,problem
2590COLP05/45,unisex,metal,fashion /classic,classic,medium,problem
2591COL564/47,unisex,metal,fashion /classic,classic,medium,problem
2591COL627/47,unisex,metal,fashion /classic,classic,medium,problem
2591COLP05/47,unisex,metal,fashion /classic,classic,medium,problem
2592COL581,unisex,metal,fashion /classic,classic,medium,problem
2592COL627,unisex,metal,fashion /classic,classic,medium,problem
2600COLK05,unisex,metal,fashion /classic,classic,medium,problem
2601COL568,unisex,metal,classic,classic,medium,problem
2603COL300,male,metal,classic,classic,medium,no problem
2603COL531,male,metal,classic,classic,medium,no problem
2603COL581,male,metal,classic,classic,medium,no problem
260MCOL703,male,metal,classic,fashion,medium,no problem
260MCOL958,male,metal,classic,fashion,medium,no problem
2619COL201,unisex,metal,classic,classic,medium,no problem
2619COL568,unisex,metal,classic,classic,medium,no problem
261COLG74,unisex,metal,classic,classic,medium,no problem
2622COL627,unisex,metal,classic,classic,medium,no problem
2623COLG11/48,unisex,metal,classic,classic,medium,no problem
2623COLK92/48,unisex,metal,classic,classic,medium,no problem
2625COL531/48,unisex,metal,classic,fashion,medium,no problem
2625COLS07/48,unisex,metal,classic,fashion,medium,no problem
2627COL531/48,unisex,metal,classic,classic,medium,no problem
2627COLR72/48,unisex,metal,classic,classic,medium,no problem
2628COL568/47,unisex,metal,classic,classic,medium,no problem
2628COLG09/47,unisex,metal,classic,classic,medium,no problem
262COLG76,unisex,metal,classic,fashion,medium,no problem
262COLG78,female,combination,classic,classic,discreet,no problem
2630COL584/46,female,combination,classic,classic,discreet,no problem
2630COLR72/46,female,combination,classic,classic,discreet,no problem
2630COLS04,,titanium,,,,
2630COLS12/46,,titanium,,,,
2630COLS14/46,,titanium,,,,
2631COL584/48,,titanium,,,,
2631COLR72/48,,titanium,,,,
2632COL584/48,,titanium,,,,
2632COLR72/48,,titanium,,,,
2632COLS12/48,,titanium,,,,
2632COLS14/48,,titanium,,,,
2634COL531/47,,titanium,,,,
2634COL568/47,,titanium,,,,
2634COLR96/47,,titanium,,,,
2636COL531/48,,titanium,,,,
2636COL568/48,,plastic,,,,
2636COLR96/48,,plastic,,,,
2637COL568/50,,plastic,,,,
2641COLQ39/52,,titanium,,,,
2641COLS14/52,,titanium,,,,
2642COLQ39/51,,titanium,,,,
2642COLS14/51,,titanium,,,,
2643COLG10/51,,titanium,,,,
2643COLK10/51,,titanium,,,,
2643COLS14/51,,titanium,,,,
2644COLK10/52,male,metal,classic,classic,medium,no problem
2644COLQ39/52,male,metal,classic,classic,medium,no problem
2645COL614,male,metal,classic,classic,medium,no problem
2645COL614F,male,metal,classic,classic,medium,no problem
2645COL614H,male,metal,classic,classic,medium,no problem
2645COL614K,male,metal,classic,classic,medium,no problem
2645COL614Y,male,metal,classic,classic,medium,no problem
2646COL614,male,metal,classic,classic,medium,no problem
2646COL614F,,,,,,
2646COL614H,,,,,,
2646COL614K,male,metal,classic,classic,medium,no problem
2646COL614T,male,metal,classic,classic,medium,no problem
2647COL531,,,,,,
2647COL568,,,,,,
2647COL568F,,,,,,
2647COL568X,,,,,,
2647COL568Y,,,,,,
2647COL579,,,,,,
2647COL579Y,,,,,,
2648COL568X,,,,,,
2648COL579,,,,,,
2648COL579Y,,,,,,
2649COL568,,,,,,
2649COL568X,,,,,,
2649COL568Y,,,,,,
2649COL579,,,,,,
2649COL579Y,,,,,,
264COLZ77,,,,,,
264MCOLZ77,,,,,,
2650COL568,,,,,,
2650COL568X,,,,,,
2650COL568Y,,,,,,
2650COL579,,,,,,
2650COL579X,,,,,,
2650COL579Y,,,,,,
2654COL581/47,,,,,,
2654COLF02/47,,,,,,
2655COLF02/48,,,,,,
2656COL581/48,,,,,,
2656COLF02/48,,,,,,
2657COL581/48,,,,,,
2658COLR72/54,,,,,,
2659COL300,,,,,,
2659COL531,,,,,,
2659COL568,,,,,,
2659COL568X,,,,,,
2660COL300,,,,,,
2660COL531,male,metal,sporty-fashion,fashion,very discreet,problem
2660COL568X,male,metal,sporty-fashion,fashion,very discreet,problem
2660COL579,male,metal,sporty-fashion,fashion,very discreet,problem
2660COL579X,male,metal,sporty-fashion,fashion,very discreet,problem
2660COLK05,male,metal,sporty-fashion,fashion,very discreet,problem
2661COL568,male,metal,sporty-fashion,fashion,very discreet,problem
2661COL568Y,male,metal,sporty-fashion,fashion,very discreet,problem
2661COL579,male,metal,sporty-fashion,fashion,very discreet,problem
2661COL579X,male,metal,sporty-fashion,fashion,very discreet,problem
2661COL648,male,metal,sporty-fashion,fashion,very discreet,problem
2664COL568Y,male,metal,sporty-fashion,fashion,very discreet,problem
2664COL579X,male,metal,sporty-fashion,classic,discreet,no problem
2664COL579Y,male,metal,sporty-classic,fashion,discreet,no problem
2665COL579,male,metal,sporty-classic,fashion,discreet,no problem
2666COL568,male,metal,sporty-classic,fashion,discreet,no problem
2666COL568Y,male,metal,sporty-classic,fashion,discreet,no problem
2666COL579,male,metal,classic,fashion,discreet,no problem
2666COL579X,male,metal,classic,fashion,discreet,no problem
2666COL579Y,male,metal,sporty-classic,fashion,discreet,no problem
2666COL648,male,metal,classic,fashion,discreet,no problem
2667COL568,male,metal,classic,fashion,discreet,no problem
2667COL568Y,male,metal,classic,fashion,discreet,no problem
2667COL579,male,metal,fashion /classic,fashion,discreet,no problem
2667COL579X,male,metal,classic,fashion,discreet,no problem
2667COL579Y,male,metal,fashion /classic,fashion,discreet,no problem
2668COL568,male,metal,fashion /classic,fashion,discreet,no problem
2668COL568Y,male,metal,fashion /classic,fashion,discreet,no problem
2668COL579,,,,,,no problem
2668COL579X,male,metal,fashion /classic,fashion,discreet,no problem
2668COL648,male,metal,fashion /classic,fashion,discreet,no problem
2669COL580,male,metal,fashion /classic,fashion,discreet,no problem
2669COL580X,male,metal,fashion /classic,fashion,discreet,no problem
2669COLS22,male,metal,fashion /classic,fashion,discreet,no problem
2672CO568Y,male,metal,fashion /classic,fashion,discreet,no problem
2672COL531,male,metal,fashion /classic,fashion,discreet,no problem
2672COL568,,,,,,
2672COL568Y,,,,,,
2672COL579X,,,,,,
2672COL579Y,,,,,,
2674COL614F,,,,,,
2674COL614N,,,,,,
2674COL614T,,,,,,
2674COL614Y,unisex,metal,fashion /classic,classic,discreet,no problem
2677COL614T,unisex,metal,fashion /classic,classic,discreet,no problem
2677COL614X,unisex,metal,fashion /classic,classic,discreet,no problem
2677COL614Y,unisex,metal,fashion /classic,classic,discreet,no problem
2678COL300,unisex,metal,fashion /classic,fashion,discreet,no problem
2678COL581,unisex,metal,fashion /classic,fashion,discreet,no problem
2678COL581Y,unisex,metal,fashion /classic,fashion,discreet,no problem
2678COL627,unisex,metal,fashion,fashion,discreet,problem
2678COL627Y,unisex,metal,fashion,fashion,discreet,problem
2679COL581,unisex,metal,fashion,fashion,discreet,problem
2679COL581Y,unisex,metal,fashion,fashion,discreet,problem
2679COL627,male,metal,classic,fashion,discreet,no problem
2679COL627Y,unisex,metal,fashion,fashion,discreet,problem
2684COL584X,male,metal,classic,fashion,discreet,no problem
2684COL589Y,male,metal,classic,fashion,discreet,no problem
2685COL584,male,metal,classic,classic,discreet,no problem
2685COL589,unisex,metal,fashion /classic,fashion,discreet,no problem
2685COL589X,unisex,metal,fashion /classic,fashion,discreet,no problem
2685COL589Y,unisex,metal,fashion /classic,classic,discreet,no problem
2686COL584,unisex,metal,fashion /classic,fashion,discreet,no problem
2686COL589,unisex,metal,fashion /classic,fashion,discreet,no problem
2686COL589X,unisex,metal,fashion /classic,classic,discreet,no problem
2686COL589Y,unisex,metal,fashion /classic,classic,discreet,no problem
2686COLQ76,unisex,metal,fashion /classic,classic,discreet,no problem
2687COL589,unisex,metal,fashion /classic,classic,discreet,no problem
2687COL589X,unisex,metal,fashion /classic,fashion,discreet,no problem
2687COL589Y,unisex,metal,fashion /classic,fashion,discreet,no problem
2687COLQ76,unisex,metal,fashion,fashion,discreet,no problem
2688COL584,unisex,metal,fashion,fashion,discreet,no problem
2688COL589,unisex,metal,fashion,fashion,discreet,no problem
2689COL359,unisex,metal,fashion,fashion,discreet,no problem
2689COL568,unisex,metal,fashion,fashion,discreet,no problem
2689COL568X,unisex,metal,fashion,fashion,discreet,no problem
2689COL589,unisex,metal,fashion,classic,very discreet,no problem
2689COL589X,unisex,metal,fashion,fashion,very discreet,no problem
2689COL589Y,unisex,metal,fashion,fashion,very discreet,no problem
2689COLQ76,unisex,metal,fashion,fashion,very discreet,problem
268COL312/053,unisex,metal,fashion,classic,very discreet,problem
2690COL568,unisex,metal,fashion,classic,very discreet,problem
2690COL568X,unisex,metal,fashion,fashion,very discreet,problem
2690COL589,unisex,combination,fashion,fashion,very discreet,problem
2690COL589X,unisex,metal,fashion,fashion,very discreet,problem
2690COL589Y,unisex,metal,fashion,fashion,very discreet,problem
2690COLK05,unisex,combination,fashion,fashion,very discreet,problem
2690COLQ76,unisex,combination,fashion,fashion,very discreet,problem
2694COL568,unisex,combination,fashion,fashion,very discreet,problem
2694COL568Y,unisex,combination,fashion,fashion,very discreet,problem
2694COL579,unisex,combination,fashion,fashion,very discreet,problem
2694COL589Y,unisex,combination,fashion,fashion,very discreet,problem
2694COLK05,unisex,combination,fashion,fashion,very discreet,problem
2694COLK06,unisex,combination,fashion,fashion,very discreet,problem
2695COL201,unisex,metal,fashion /classic,classic,discreet,problem
2695COL531,unisex,metal,fashion /classic,classic,discreet,problem
2695COL568Y,unisex,metal,fashion /classic,classic,discreet,problem
2695COLK05,unisex,metal,fashion /classic,classic,discreet,problem
2697COL300,unisex,metal,fashion /classic,classic,discreet,problem
2697COL568N,unisex,metal,fashion /classic,classic,discreet,problem
2697COL627,unisex,metal,fashion /classic,classic,discreet,problem
2697COLK05,unisex,metal,fashion /classic,classic,discreet,problem
2703COL300/49,unisex,metal,fashion /classic,classic,discreet,problem
2703COL568/49,unisex,metal,fashion /classic,classic,discreet,problem
2704COL568/50,male,metal,fashion,fashion,medium,no problem
2704COLA10/50,male,metal,fashion,fashion,medium,no problem
2704COLR72/50,male,metal,fashion,classic,medium,no problem
2704COLR96/50,male,metal,fashion,fashion,medium,no problem
2705COL568/48,male,metal,fashion,fashion,medium,no problem
2705COLA10/48,male,metal,fashion,classic,medium,no problem
2705COLR72/48,male,metal,fashion,classic,medium,no problem
2705COLR96/48,male,metal,fashion,fashion,medium,no problem
2706COL627/47,male,metal,fashion,fashion,medium,no problem
2707COL627/48,male,metal,fashion,classic,medium,no problem
2707COL648/50,male,metal,fashion,classic,medium,no problem
2707COLSO4/48,male,metal,fashion /classic,fashion/classic,medium,no problem
2708COL627/48,male,metal,fashion /classic,fashion,medium,no problem
2708COLA24,male,metal,fashion /classic,classic,medium,no problem
2708COLG28/48,male,metal,fashion /classic,classic,medium,no problem
2708COLK95/48,male,metal,classic,classic,medium,no problem
2708COLS04/48,male,metal,classic,fashion,medium,no problem
2709COL627/50,unisex,metal,classic,classic,medium,no problem
2709COL648/50,unisex,metal,classic,fashion,medium,no problem
2709COLK95/50,unisex,metal,classic,classic,medium,no problem
2709COLS04/50,unisex,metal,classic,fashion,medium,no problem
2710COL648/59,unisex,metal,classic,fashion,medium,no problem
2710COLA22/59,unisex,metal,classic,fashion,medium,no problem
2710COLK03X,unisex,metal,classic,classic,medium,no problem
2711COL581/59,,,,,,
2711COLK03/59,unisex,metal,classic,fashion,medium,no problem
2712COL503/53,unisex,metal,classic,classic,medium,no problem
2712COL627/53,unisex,metal,classic,fashion,medium,no problem
2712COLA25/53,unisex,metal,classic,fashion,medium,no problem
2713COL627/53,unisex,metal,classic,fashion,medium,no problem
2713COLA23/53,unisex,metal,classic,classic,medium,no problem
2713COLA26/53,unisex,metal,classic,fashion,medium,no problem
2713COLK03X,unisex,metal,classic,classic,medium,no problem
2714COLS05/51,unisex,metal,classic,classic,medium,no problem
2715COLA27/52,unisex,metal,classic,fashion,medium,no problem
2715COLQ39/52,unisex,metal,classic,classic,medium,no problem
2715COLS04/52,unisex,metal,classic,classic,medium,no problem
2715COLS05/52,unisex,metal,classic,classic,medium,no problem
2716COLK10/52,unisex,metal,classic,classic,medium,no problem
2717COLS05/53,unisex,metal,classic,fashion,medium,no problem
2718COL300/51,unisex,metal,classic,classic,medium,no problem
2718COL568/51,unisex,metal,classic,classic,medium,no problem
2718COLK01/51,unisex,metal,classic,fashion,medium,no problem
2719COL300/51,unisex,metal,classic,fashion,medium,no problem
2719COL568/51,unisex,metal,classic,fashion,medium,no problem
2719COLK01/51,,,,,,
2724COL568,,,,,,
2724COLQ11,,,,,,
2725COL568,,,,,,
2725COLQ11,,,,,,
2730COL568/49,,,,,,
2731COL568/50,,,,,,
2732COL579/50,,,,,,
2732COLL35/50,,,,,,
2735COL300,,,,,,
2735COL531,,,,,,
2735COL568X,,,,,,
2735COL579,,,,,,
2735COL579F,,,,,,
2736COL300,,,,,,
2736COL568F,,,,,,
2736COL568X,,,,,,
2744COL300,,,,,,
2744COL579K,,,,,,
2744COL579X,,,,,,
2745COL568,,,,,,
2745COL579K,,,,,,
2747COL300,,,,,,
2747COL568X,,,,,,
2748COL201,,,,,,
2748COL300,,,,,,
2748COL531,,,,,,
2748COL568A,,,,,,
2748COLK05,,,,,,
2749COL300,,,,,,
2749COL568K,,,,,,
2749COLK05,,,,,,
2750COL201,,,,,,
2750COL300,,,,,,
2750COL531,,,,,,
2750COL568B,,,,,,
2750COL568K,,,,,,
2750COL568Y,,,,,,
2750COL579,,,,,,
2750COL603,,,,,,
2750COLK05,,,,,,
2751COL201,,,,,,
2751COL300,,,,,,
2751COL531,,,,,,
2752COL306,,,,,,
2752COL531,,,,,,
2752COL568B,,,,,,
2752COL568V,,,,,,
2752COL603,male,metal,fashion /classic,classic,discreet,no problem
2752COLKO5,male,metal,fashion /classic,classic,discreet,no problem
2753COL568X,male,metal,fashion /classic,classic,discreet,no problem
2753COL579H,male,metal,fashion /classic,classic,discreet,no problem
2753COL579Y,male,metal,fashion /classic,classic,discreet,no problem
2754MCOL579Y,male,metal,fashion /classic,classic,discreet,no problem
2755COL532,male,metal,fashion /classic,classic,discreet,no problem
2755COL579,male,metal,fashion /classic,classic,discreet,no problem
2756COL568Y,male,metal,fashion /classic,classic,discreet,no problem
2757COL568X,unisex,metal,fashion,fashion,very discreet,no problem
2759COL568X,male,metal,fashion /classic,classic,very discreet,no problem
2759COL568Y,male,metal,fashion /classic,fashion/classic,very discreet,no problem
2759COL579X,male,metal,fashion /classic,fashion/classic,very discreet,no problem
2762COL300,male,metal,fashion /classic,classic,very discreet,no problem
2763COL613,unisex,metal,fashion /classic,classic,very discreet,no problem
2763COL613B,male,metal,fashion /classic,classic,very discreet,no problem
2763COL613R,male,metal,fashion /classic,classic,very discreet,no problem
2764COL531,unisex,metal,fashion /classic,classic,very discreet,no problem
2764COL568,unisex,metal,fashion /classic,classic,very discreet,no problem
2765COL568,unisex,metal,fashion /classic,classic,very discreet,no problem
2766COL568,unisex,metal,fashion,classic,very discreet,no problem
2766COLK05,unisex,metal,fashion,classic,very discreet,no problem
2770COL568,unisex,metal,fashion,classic,very discreet,no problem
2770COLK05,unisex,metal,fashion,classic,very discreet,no problem
2771COL568,unisex,metal,fashion /classic,classic,very discreet,no problem
2771COLK05,unisex,metal,fashion /classic,classic,very discreet,no problem
2772COL201,unisex,metal,fashion /classic,classic,very discreet,no problem
2772COL531,unisex,metal,fashion /classic,classic,very discreet,no problem
2772COLK05,unisex,metal,fashion /classic,classic,very discreet,no problem
2773COLK01,unisex,metal,fashion /classic,classic,very discreet,no problem
2775COL201,unisex,metal,fashion /classic,classic,very discreet,no problem
2775COL300,unisex,metal,fashion /classic,classic,very discreet,no problem
2775COL568,unisex,metal,fashion /classic,classic,very discreet,no problem
2776COL583,unisex,metal,fashion,fashion,very discreet,no problem
2779COLK01,unisex,metal,fashion /classic,classic,very discreet,no problem
277COL568,unisex,metal,fashion /classic,classic,very discreet,no problem
2780COL568,unisex,metal,fashion /classic,classic,very discreet,no problem
2780COLK01,unisex,metal,fashion /classic,classic,very discreet,no problem
2782COL568,male,metal,fashion /classic,classic,medium,no problem
3504 COL A06,female,metal,classic,classic,medium,no problem
3504COLA29,female,plastic,,,,
3506COLL20/5419,female,plastic,,,,
3507 COL 140,female,plastic,,,,
3507COL103,female,plastic,,,,
3507COL120,female,plastic,,,,
3507COL140,female,plastic,fashion /classic,classic,discreet,no problem
3509COL103,female,plastic,fashion /classic,classic,discreet,no problem
3509COL126,female,plastic,fashion /classic,classic,discreet,no problem
3510 COL 103,female,plastic,fashion /classic,classic,discreet,no problem
3510T,female,plastic,fashion /classic,classic,discreet,no problem
3511 COL 103,female,plastic,fashion /classic,classic,discreet,no problem
3511 COL 120,female,plastic,fashion /classic,classic,discreet,no problem
3511T,female,plastic,fashion /classic,classic,discreet,no problem
3512 COL 126,female,plastic,fashion /classic,classic,discreet,no problem
3512COL145,female,plastic,fashion /classic,classic,discreet,no problem
3512T,female,plastic,fashion /classic,classic,discreet,no problem
3513C256/5517,female,plastic,fashion /classic,classic,discreet,no problem
3514COL218/053,female,plastic,fashion /classic,classic,discreet,no problem
3523COL123,female,plastic,fashion /classic,classic,discreet,no problem
3523COL588,female,plastic,classic,,,no problem
3524COL123,female,plastic,classic,,,no problem
3524COL5103,female,plastic,classic,,,no problem
3525 COL 101,female,plastic,classic,,,no problem
3525COL103,female,plastic,classic,,,no problem
3526 COL 5103,female,plastic,classic,,,no problem
3526COL101,female,plastic,classic,,,no problem
3527COL120,female,plastic,classic,,,no problem
3529COL220/054,female,plastic,classic,,,no problem
3529COL221/54,female,plastic,classic,,,no problem
3529COL325/054,female,plastic,classic,,,no problem
3530COL220/50,female,plastic,classic,,,no problem
3530COL221/50,female,plastic,classic,,,no problem
3533COL256/53,female,plastic,classic,,,no problem
3535 COL 120,female,plastic,classic,,,no problem
3536 COL 103,female,plastic,classic,,,no problem
3537 COL 201,female,plastic,classic,,,no problem
3542COL267/52,female,plastic,classic,,,no problem
3542COL359/52,female,plastic,classic,,,no problem
3543COL267/53,female,plastic,classic,,,no problem
3543COL267/55,female,plastic,classic,,,no problem
3544COL267/53,female,plastic,classic,,,no problem
3544COL658/53,female,plastic,classic,,,no problem
3545COL267/51,female,plastic,classic,,,no problem
3545COL644/51,female,plastic,classic,,,no problem
3547COL267/52,female,plastic,classic,,,no problem
3547COL653/52,female,plastic,classic,,,no problem
3551COL220,female,plastic,classic,,,no problem
3552COL220,female,combination,,,,no problem
3553COL220,female,combination,,,,no problem
3554COL249,female,combination,,,,no problem
3555COL249,female,metal,,,,no problem
3555COL674,female,metal,,,,no problem
3555COL688,female,metal,,,,no problem
3556COL249,female,metal,,,,no problem
3557COL220/49,female,metal,,,,no problem
3557COL644/49,female,metal,,,,no problem
3557COL658/49,female,metal,fashion /classic,classic,medium,no problem
3558COL644/50,female,metal,fashion /classic,classic,medium,no problem
3560COL267/54,female,metal,fashion /classic,classic,medium,no problem
3563COL250,female,metal,fashion /classic,classic,medium,no problem
3563COL584,female,metal,fashion /classic,classic,medium,no problem
3566COL267/53,female,metal,,,,no problem
3567COL267/51,female,metal,,,,no problem
3568COL267/49,female,metal,,,,no problem
3569COL267/53,female,metal,,,,no problem
3572COL349/51,female,metal,,,,no problem
3572COL584/51,female,metal,,,,no problem
3572COLK36/51,female,metal,,,,no problem
3573COLR14,female,metal,,,,no problem
3574COLR15,female,metal,,,,no problem
3575COLR15,female,metal,,,,no problem
3576COL568,female,metal,,,,no problem
3576COLK05,female,metal,,,,no problem
3577COL568,female,metal,,,,no problem
3577COLK05,female,metal,,,,no problem
3577COLR23,female,metal,,,,no problem
3578COLR52(50),female,metal,,,,no problem
3579COL599/52,female,metal,,,,no problem
3579COLR53/52,female,metal,,,,no problem
3580COLR54/49,female,metal,,,,no problem
3581COL568/49,female,metal,,,,no problem
3582COL568/51,female,metal,,,,no problem
3582COLR46/51,female,metal,,,,no problem
3583COLR46/51,female,metal,,,,no problem
500COL349,female,metal,,,,no problem
500COLK78,female,metal,,,,no problem
501COL349,female,metal,,,,no problem
501COL584,female,metal,,,,no problem
502COL700,female,metal,,,,no problem
502COL722,female,metal,,,,no problem
502COLT27,female,metal,,,,no problem
502COLT29,female,metal,,,,no problem
503COL700,female,metal,,,,no problem
504COL201,female,metal,,,,no problem
504COL223,female,metal,,,,no problem
504COLG48,female,metal,,,,no problem
505COL349,female,metal,,,,no problem
505COL584,female,metal,,,,no problem
505COLQ93,female,metal,,,,no problem
506COLK78,female,metal,,,,
506COLQ93,female,metal,,,,
516COL349/48,female,metal,,,,
520COL340/50,female,metal,,,,
523COL531,female,metal,,,,
523COLS02,female,metal,,,,
524COLS01,female,metal,,,,
527COLS05,female,metal,,,,
527COLS06,female,metal,,,,
528COL531,female,metal,,,,
528COLS05,female,metal,,,,
532COLQ95/48,female,metal,,,,
532COLR46/48,female,metal,,,,
534COLS13,female,metal,,,,
535COLS13,female,metal,,,,
536COLS04/49,female,metal,,,,
536COLS12/49,female,metal,,,,
537COL584/49,female,metal,,,,
537COLG05/49,female,metal,,,,
539COL568/49,female,metal,,,,
539COLK01/49,female,metal,,,,
540COL300/49,female,metal,,,,
540COLK01/49,female,metal,,,,
540COLS12/49,female,metal,,,,
543COL300/51,female,metal,,,,
543COL579/51,female,metal,,,,
544COL300/49,female,metal,,,,
544COL579/49,female,metal,,,,
545COL383/52,female,metal,,,,
545COL531/52,female,metal,,,,
545COLG13/52,female,metal,,,,
545COLS04/52,female,metal,,,,
545COLS06/52,female,metal,,,,
546COL383/52,female,metal,,,,
546COL531/52,,,,,,
546COLG13/52,,,,,,
546COLS04/52,,,,,,
546COLS06/52,,,,,,
553COL300X,,,,,,
554COL300,,,,,,
554COL579X,,,,,,
556COL300,,,,,,
556COL384,,,,,,
556COL568,,,,,,
556COL579,,,,,,
556COL580,,,,,,
557COL579X,,,,,,
558COL568X,,,,,,
558COL579,,,,,,
559COL568,,,,,,
560COL300Y,,,,,,
560COL579X,,,,,,
563COL355,,,,,,
563COL634,,,,,,
563COL646,,,,,,
563COLH15,,,,,,
563COLS23,,,,,,
569COL579/51,,,,,,
569COLA15,,,,,,
570COL300/52,,,,,,
570COLA15,,,,,,
571COL568/52,,,,,,
573COL568/49,,,,,,
573COLA11/49,,,,,,
576COL300/50,,,,,,
576COLA10/52,,,,,,
577COLA21/54,,,,,,
577COLS04/54,,,,,,
578COL300/54,,,,,,
578COLS06/54,,,,,,
582COL300Y,,,,,,
585COL579Y,,,,,,
586COL579,,,,,,
587COL579X,,,,,,
587COLA60,,,,,,
588COL300X,,,,,,
589COL300,,,,,,
589COL579X,,,,,,
591COL300R,,,,,,
592COL300,,,,,,
592COL568,,,,,,
592COL579,,,,,,
595COLA83,,,,,,
596COLA84,,,,,,
597COL300,,,,,,
597COLA83,,,,,,
598COL300,,,,,,
600COL300,,,,,,
600COLA40,,,,,,
601COL300,,,,,,
601COLA40,,,,,,
602SCOL300,,,,,,
602SCOL579,,,,,,
603SCOL300,,,,,,
604SCOL300,,,,,,
636COL576/049,,,,,,
639COL435/052,,,,,,
639COL435/50,,,,,,
641 COL 5105,,,,,,
642 COL 102,,,,,,
643 COL 120,,,,,,
643COL5105,,,,,,
644 COL 102,,,,,,
649 COL 120,,,,,,
655 COL 120,,,,,,
656 COL 100,,,,,,
657COL101,,,,,,
658 COL 500,,,,,,
663 COL 103,,,,,,
663 COL 120,,,,,,
664 COL 5140,,,,,,
665 COL 120,,,,,,
667 COL 120,,,,,,
668 COL 120,,,,,,
668 COL 5140,,,,,,
670 COL 102,,,,,,
670 COL 103,,,,,,
670 COL 5591,,,,,,
670COL120,,,,,,
671 COL 120,,,,,,
671COL105,,,,,,
671COL120,,,,,,
672 COL 102,,,,,,
672 COL 5140,,,,,,
672COL103,,,,,,
672COL105,,,,,,
672COL120,,,,,,
673 COL 103,,,,,,
673 COL 105,,,,,,
673 COL 5140,,,,,,
673COL102,,,,,,
675 COL 100,,,,,,
676 COL 500,,,,,,
677 COL 100,,,,,,
677 COL 5100,,,,,,
677 COL 5579,,,,,,
679 COL 5103,,,,,,
680 COL 615,,,,,,
694COL505/049,,,,,,
7015COL226/52,,,,,,
703 COL 120,,,,,,
706COL101,,,,,,
707 COL 120,,,,,,
707COL101,,,,,,
707COL120,,,,,,
709 COL 9507,,,,,,
710COL579,,,,,,
711 COL 9507,,,,,,
712 COL 201,,,,,,
7120 COL 426,,,,,,
7120COL030,,,,,,
7120COL070,,,,,,
713 COL 220,,,,,,
714 COL 9591,,,,,,
715 COL 9579,,,,,,
718COL201,,,,,,
719 COL 9579,,,,,,
7212COL700,,,,,,
7213COL700,,,,,,
7213COL713,,,,,,
7214COL713,,,,,,
7220COL710/53,,,,,,
7222COL847,,,,,,
7223COL700,,,,,,
7225COLU25,,,,,,
7226COL700,,,,,,
7226COL847,,,,,,
7227COL954/52,,,,,,
7228COL700/52,,,,,,
7229COL710/52,,,,,,
722COL289/50,,,,,,
7235COL700,,,,,,
7235COL710,,,,,,
7236COL700,,,,,,
7236COL710,,,,,,
7246COLV46/45,,,,,,
7246COLV47/45,,,,,,
7246COLV49/45,,,,,,
7247COL700X,,,,,,
7247COLU53,,,,,,
7247COLZ30,,,,,,
7247COLZ92,,,,,,
724COL289/51,,,,,,
725COL563/48,,,,,,
725COL563/50,,,,,,
725COLQ56/48,,,,,,
725COLQ57/48,,,,,,
725COLQ58/48,,,,,,
726COL563/47,,,,,,
727COL552/50,,,,,,
727COL563/50,,,,,,
728COL392/50,,,,,,
728COL531/50,,,,,,
728COL563/48,,,,,,
728COL563/50,,,,,,
728COL583/50,,,,,,
735COL220,,,,,,
735COL9552,,,,,,
736COL668,,,,,,
737COL220,,,,,,
738COL220,,,,,,
739COL201,,,,,,
741COL647,,,,,,
742COL647,,,,,,
743COL591,,,,,,
743COL647,,,,,,
745COL220/49,,,,,,
747COL220/50,,,,,,
748COL220/49,,,,,,
749COL300/49,,,,,,
749COL567/49,female,metal,fashion /classic,classic,medium,no problem
7502COLL20/5618,female,metal,fashion /classic,classic,medium,no problem
7502COLL40/56,female,metal,fashion /classic,classic,medium,no problem
7503COL070,,,,,,
7508COL103,,,,,,
7508COL120,,,,,,
7509COL103,,,,,,
7509COL120,,,,,,
7509COL145,,,,,,
750COL300/50,,,,,,
750COL567/50,,,,,,
7510COL103,,,,,,
7510COL120,,,,,,
7510COL145,,,,,,
7513COL208/054,,,,,,
7513COL209/56,,,,,,
7514COL240/056,,,,,,
7515 COL220/56,,,,,,
7516COL220/054,,,,,,
7517COL240/055,,,,,,
751COL300/51,,,,,,
751COL567/51,,,,,,
7521COL103,,,,,,
7522COL107,,,,,,
7523 COL 120,,,,,,
7523COL100,,,,,,
7525COL103,,,,,,
7527COL103,,,,,,
7528 COL 103,,,,,,
7528COL120,,,,,,
7529COL229/053,,,,,,
7531COL220/054,,,,,,
7532COL220/053,,,,,,
7537 COL 220,,,,,,
7538 COL 120,,,,,,
7539 COL 101,,,,,,
7540 COL 120,,,,,,
7541COL220/51,,,,,,
7542COL220/50,,,,,,
7543COL220/49,,,,,,
7544COL267/54,,,,,,
7545COL267/54,,,,,,
7546COL267/51,,,,,,
7546COL267/53,,,,,,
7547COL236/50,,,,,,
7547COL267/50,,,,,,
7551COL268,,,,,,
7553COL268,,,,,,
7554COL233,,,,,,
7555COL233,,,,,,
7556COL233,,,,,,
7557COL268,,,,,,
7558COL268,,,,,,
7559COL268,,,,,,
7560COL268,,,,,,
7561COL220/56,,,,,,
7562COL220/55,,,,,,
7563COL220/54,,,,,,
7564COL201/56,,,,,,
7564COL240/56,,,,,,
7564COL320/56,,,,,,
7566COL201/53,,,,,,
7566COL240/53,,,,,,
7566COL320/53,,,,,,
7567COL292/52,,,,,,
7568COL220/52,female,metal,fashion /classic,classic,medium,no problem
7568COLQ52/52,female,metal,fashion /classic,classic,medium,no problem
7568COLQ59/52,female,metal,fashion /classic,classic,medium,no problem
7569COL292/53,female,metal,fashion /classic,classic,medium,no problem
7570COL292/53,female,metal,fashion /classic,classic,medium,no problem
7571COL201,,,,,,
7571COL220,,,,,,
7571COL259,female,metal,fashion /classic,classic,medium,no problem
7571COL259Y,female,metal,fashion /classic,classic,medium,no problem
7572COL201,female,metal,fashion /classic,classic,medium,no problem
7572COL220,,,,,,
7572COL259,,,,,,
7572COL259Y,,,,,,
7573COL201,,,,,,
7573COL220,,,,,,
7573COL259,,,,,,
7573COL259Y,,,,,,
7573COLK09,,,,,,
7574COL220,,,,,,
7574COL249,,,,,,
7574COL250,,,,,,
7575COL220,,,,,,
7575COL249,,,,,,
7576COL220,female,metal,fashion /classic,classic,medium,no problem
7576COL249,female,metal,fashion /classic,classic,medium,no problem
7576COL250,female,metal,fashion /classic,classic,medium,no problem
7576COLQ93,,,,,,
7577COL250,,,,,,
7577COL250/55,,,,,,
7577COL368,female,metal,fashion /classic,classic,medium,no problem
7577COL368/55,female,metal,fashion /classic,classic,medium,no problem
7578COL250,female,metal,fashion /classic,classic,medium,no problem
7578COL250/54,female,metal,fashion /classic,classic,medium,no problem
7578COL257,,,,,,
7578COL257/54,,,,,,
7579COL250,,,,,,
7579COL250/54,,,,,,
7579COL257,,,,,,
7579COL257/54,,,,,,
7579COL368,,,,,,
7579COL368/54,,,,,,
7583COLF27/53,,,,,,
7585COL216/48,female,metal,fashion /classic,classic,medium,no problem
7585COL673/48,female,metal,fashion /classic,classic,medium,no problem
7585COLF27/48,female,metal,fashion /classic,classic,medium,no problem
7585COLK50/48,female,metal,fashion /classic,classic,medium,no problem
7587COL673/51,female,metal,fashion /classic,classic,medium,no problem
7587COLF27/51,female,metal,fashion /classic,classic,medium,no problem
7587COLK50/51,female,metal,fashion /classic,classic,medium,no problem
7588COLF27/53,female,metal,fashion /classic,classic,medium,no problem
7588COLH25/53,female,metal,fashion /classic,classic,medium,no problem
7588COLK50/53,female,metal,fashion /classic,classic,medium,no problem
7588COLK51/53,female,metal,fashion /classic,classic,medium,no problem
7588COLK59/53,female,metal,fashion /classic,classic,medium,no problem
764COL647,female,metal,fashion /classic,classic,medium,no problem
764COL9581,female,metal,fashion /classic,classic,medium,no problem
765COL647,female,metal,fashion /classic,classic,medium,no problem
765COL9581,female,metal,fashion /classic,classic,medium,no problem
769COL531/47,female,metal,fashion /classic,classic,medium,no problem
769COLQ11/49,female,metal,fashion /classic,classic,medium,no problem
769COLQ12/49,female,metal,fashion /classic,classic,medium,no problem
769COLQ12/51,female,metal,fashion /classic,classic,medium,no problem
770COL531/48,female,metal,fashion /classic,classic,medium,no problem
772COLQ12/48,female,metal,fashion /classic,classic,medium,no problem
773COLW26/50,female,metal,fashion /classic,classic,medium,no problem
775COLW46/49,female,metal,fashion /classic,classic,medium,no problem
780COLQ14/48,female,metal,fashion /classic,classic,medium,no problem
783COL300/50,female,metal,fashion /classic,classic,medium,no problem
783COL619/50,female,metal,fashion /classic,classic,medium,no problem
785COL220,female,metal,fashion /classic,classic,medium,no problem
785COLQ11,female,metal,fashion /classic,classic,medium,no problem
786COL201,female,metal,fashion /classic,classic,medium,no problem
786COL220,female,metal,fashion /classic,classic,medium,no problem
786COL568,female,metal,fashion /classic,classic,medium,no problem
786COL588,female,metal,fashion /classic,classic,medium,no problem
786COL647,female,metal,fashion /classic,classic,medium,no problem
786COLQ11,female,metal,fashion /classic,classic,medium,no problem
787COL201,female,metal,fashion /classic,classic,medium,no problem
787COL531,female,metal,fashion /classic,classic,medium,no problem
787COL581,female,metal,fashion /classic,classic,medium,no problem
787COLQ11,female,metal,fashion /classic,classic,medium,no problem
788COL581,female,metal,fashion /classic,classic,medium,no problem
788COL588,female,metal,fashion /classic,classic,medium,no problem
789COL201,female,metal,fashion /classic,classic,medium,no problem
789COL220,female,metal,fashion /classic,classic,medium,no problem
789COL584,female,metal,fashion /classic,classic,medium,no problem
790COL530,female,metal,fashion /classic,classic,medium,no problem
792COL584,female,metal,fashion /classic,classic,medium,no problem
792COL589,female,metal,fashion /classic,classic,medium,no problem
792COL642,female,metal,fashion /classic,classic,medium,no problem
792COLQ11,female,metal,fashion /classic,classic,medium,no problem
793COL579,female,metal,fashion /classic,classic,medium,no problem
793COL590,female,metal,fashion /classic,classic,medium,no problem
793COL642,female,metal,fashion /classic,classic,medium,no problem
794COL590,female,metal,fashion /classic,classic,medium,no problem
794COL642,female,metal,fashion /classic,classic,medium,no problem
796COL531,female,metal,fashion /classic,classic,medium,no problem
796COL568,female,metal,fashion /classic,classic,medium,no problem
796COL579,female,metal,fashion /classic,classic,medium,no problem
799COL531,female,metal,fashion /classic,classic,medium,no problem
799COL579,female,metal,fashion /classic,classic,medium,no problem
800COL568,female,metal,fashion /classic,classic,medium,no problem
800COLQ11,,,,,,
801COL300,,,,,,
801COL552,,,,,,
801COLQ11,,,,,,
8028COL5531,,,,,,
8029COL5531,,,,,,
8029COL689,,,,,,
8029COL9581,,,,,,
802COL568,,,,,,
8033COL536,,,,,,
8034COL249,,,,,,
8034COL568,,,,,,
8037COL568,,,,,,
8038COL240,,,,,,
8039COL240,,,,,,
8039COL694,,,,,,
803COL531,,,,,,
803COL568,,,,,,
8040COL240,,,,,,
8041COL240,,,,,,
8041COL591,,,,,,
8042COL954,,,,,,
8045COL581,,,,,,
8045COLK13,,,,,,
8045COLQ87,,,,,,
804COL021,,,,,,
804COL022,,,,,,
8056MCOLF29/52,,,,,,
805COL024,,,,,,
8063MCOL552/51,,,,,,
8068COLK81/51,,,,,,
8071COL581/48,,,,,,
8071COLK19/48,,,,,,
8072COL568/48,,,,,,
8072COLK63/48,,,,,,
8073MCOL300/51,,,,,,
8078MCOL201,,,,,,
8078MCOL531,,,,,,
8078MCOL568,,,,,,
8078MCOLK03,,,,,,
8079MCOL568,,,,,,
8079MCOL581,,,,,,
8080MCOL201,,,,,,
8081MCOL627,,,,,,
8083MCOL568,,,,,,
8083MCOL627,,,,,,
8084MCOL568,,,,,,
8085COLQ11/49,,,,,,
8085COLQ12/49,,,,,,
8086COL581/53,,,,,,
8086COLQ11/53,,,,,,
8087COLK17/50,,,,,,
8087COLQ12/50,,,,,,
8094COL531,,,,,,
8094COL642,,,,,,
8095COL300,,,,,,
8098COL627,,,,,,
8098COLR07,,,,,,
8102MCOLR02,,,,,,
8105COL642,,,,,,
8106COL642,,,,,,
8107COL531,,,,,,
8107COL642,,,,,,
8110MCOLK05/48,,,,,,
8111MCOLK05/48,,,,,,
8113ACOL568/45,,,,,,
8113COL568/45,,,,,,
8113MCOL568/47,,,,,,
8114A(Q14)49,,,,,,
8114MCOLQ14/49,,,,,,
8115MCOL531/48,,,,,,
8115MCOLK05/48,,,,,,
8117MCOL531/48,,,,,,
8120MCOL568/49,,,,,,
8121MCOL200/51,,,,,,
8122MCOL505/47,,,,,,
8122MCOL568(47),,,,,,
8122MCOL650/47,,,,,,
8123MCOL505/48,,,,,,
8123MCOL568/48,,,,,,
8123MCOL650/48,,,,,,
8124MCOL505/49,,,,,,
8124MCOL568/49,,,,,,
8125MCOL505/48,,,,,,
8125MCOL568/48,,,,,,
8126MCOL505/47,,,,,,
8126MCOL531/47,,,,,,
8126MCOL568/47,,,,,,
8127MCOL505/47,,,,,,
8127MCOL650/47,,,,,,
8131COL531,,,,,,
8132COL627,,,,,,
8132COLR85,,,,,,
8133COLR86,,,,,,
8134COL531,,,,,,
8135COL531,,,,,,
8135COLK03,,,,,,
8135COLR86,,,,,,
8137COL648,,,,,,
8139COL531,,,,,,
813COL568/50,,,,,,
813COLQ35/50,,,,,,
8141MCOL531,,,,,,
8146MCOL568,,,,,,
8149COL584,,,,,,
8149COLK03,,,,,,
8149COLR86,,,,,,
814COL508/50,,,,,,
8151COL531X,,,,,,
8158MCOLK05/49,,,,,,
8160MCOLS20/48,,,,,,
8161MCOL531/49,,,,,,
8161MCOL579/49,,,,,,
8161MCOL627/49,,,,,,
8161MCOLK62,,,,,,
8161MCOLR10/49,,,,,,
8162MCOL627/46,,,,,,
8162MCOLK62/46,,,,,,
8163ACOL531,,,,,,
8163COL531/51,,,,,,
8163MCOL531/51,,,,,,
8165MCOL531/48,,,,,,
8166MCOL531/49,,,,,,
8166MCOLR72/51,,,,,,
8175MCOL531,,,,,,
8175MCOL568X,,,,,,
8176MCOL531,,,,,,
8176MCOL568X,,,,,,
8176MCOL581,,,,,,
817COL300/50,,,,,,
817COLQ11/50,,,,,,
8180MCOL531X,,,,,,
8180MCOL568,,,,,,
8180MCOL568X,,,,,,
8180MCOL579,,,,,,
8182MCOL531,,,,,,
8182MCOL627,,,,,,
8183MCOL531,,,,,,
8183MCOL627,,,,,,
8184COL530/50,,,,,,
8184COL581/50,,,,,,
8184COL648/50,,,,,,
8185COL530/49,,,,,,
8185COL581/49,,,,,,
8185COL648/49,,,,,,
8186COL530/50,,,,,,
8186COL581/50,,,,,,
8186COL648/50,,,,,,
8187MCOL531,,,,,,
8187MCOL627,,,,,,
8188MCOL531,,,,,,
8188MCOL627,,,,,,
8189MCOL531,,,,,,
8189MCOL531X,,,,,,
8189MCOL568,,,,,,
8189MCOL568X,,,,,,
8189MCOLK05,,,,,,
818COLQ11/48,,,,,,
818COLQ35/48,,,,,,
8190COL531X,,,,,,
8190MCOL531,,,,,,
8190MCOL568,,,,,,
8190MCOL568X,,,,,,
8190MCOLK05,,,,,,
8191COL531,,,,,,
8191COL581,,,,,,
8192COL504,,,,,,
8192COL627,,,,,,
8193COL530,,,,,,
8193COL530X,,,,,,
8193COL581,,,,,,
8193COL581X,,,,,,
8193COL581Y,,,,,,
8193COLC07,,,,,,
8195COL530,,,,,,
8195COL530X,,,,,,
8195COL581,,,,,,
8195COL581X,,,,,,
8195COL581Y,,,,,,
8195COLC07,,,,,,
8204MCOL568/52,,,,,,
8204MCOLL04/52,,,,,,
8204MCOLR10/52,,,,,,
8206MCOL530/51,,,,,,
8206MCOLL04/51,,,,,,
8206MCOLR10/51,,,,,,
8207MCOL627/46,,,,,,
8207MCOLL05/46,,,,,,
8207MCOLL06/46,,,,,,
8207MCOLL07/46,,,,,,
8209MCOL627/48,,,,,,
8209MCOLL07/48,,,,,,
8209MCOLR72,,,,,,
820COL300/49,,,,,,
820COL568/49,,,,,,
820COLQ35/49,,,,,,
8211MCOL568/48,,,,,,
8211MCOLL18/48,,,,,,
8212MCOL531/52,,,,,,
8213MCOL531/47,,,,,,
8213MCOL568/47,,,,,,
8213MCOL581/47,,,,,,
8213MCOLL18/47,,,,,,
8214COL531/46,,,,,,
8214MCOL531/46,,,,,,
8214MCOL568/46,,,,,,
8214MCOLR72/46,,,,,,
8215MCOL531/51,,,,,,
8215MCOL568/51,,,,,,
8215MCOL581/51,,,,,,
8215MCOLR72/51,,,,,,
8216MCOL627/51,,,,,,
8216MCOL627/53,,,,,,
8217MCOL627/48,,,,,,
8217MCOL627/50,,,,,,
8217MCOLL05/48,,,,,,
8217MCOLL05/50,,,,,,
8217MCOLL06/48,,,,,,
8217MCOLL06/50,,,,,,
8217MCOLL07/48,,,,,,
8217MCOLL07/50,,,,,,
8217MCOLR96,,,,,,
8218COL581/51,,,,,,
8218COLA31/51,,,,,,
8219COL568/49,,,,,,
8219COLA31/49,,,,,,
821COL568/47,,,,,,
821COLQ11/47,,,,,,
821COLQ35/47,,,,,,
8225M568X,,,,,,
8225MCOL568,,,,,,
8225MCOL579Y,,,,,,
8228MCOL579,,,,,,
8228MCOL579Y,,,,,,
8228MCOLK05,,,,,,
8229MCOL568Y,,,,,,
8231MCOL568Y,,,,,,
8239MCOL300,,,,,,
8239MCOLA10,,,,,,
8239MCOLR72,,,,,,
823COL581/49,,,,,,
823COLQ11/49,,,,,,
8240MCOL300,,,,,,
8240MCOL568,,,,,,
8242MCOL568,,,,,,
8242MCOLR72,,,,,,
8243MCOL568,,,,,,
8244MCOL568,,,,,,
8244MCOLL25,,,,,,
8244MCOLR08,,,,,,
8245MCOLL60,,,,,,
8248MCOLR72,,,,,,
824COL200/47,,,,,,
824COL531/47,,,,,,
825MCOL201,,,,,,
825MCOLH29,,,,,,
825MCOLQ11,,,,,,
826MCOLQ11,,,,,,
827MCOL201,,,,,,
827MCOL568,,,,,,
827MCOL581,,,,,,
827MCOLH29,,,,,,
827MCOLQ11,,,,,,
828MCOL568,,,,,,
828MCOLH29,,,,,,
828MCOLQ11,,,,,,
829MCOL581,,,,,,
830MCOL201,,,,,,
830MCOL568,,,,,,
830MCOL581,,,,,,
830MCOLQ11,,,,,,
832MCOL201,,,,,,
832MCOL568,,,,,,
834MCOL531,,,,,,
834MCOLK05,,,,,,
835MCOL201,,,,,,
835MCOL568,,,,,,
835MCOL581,,,,,,
835MCOLK05,,,,,,
838MCOL250,,,,,,
838MCOL589,,,,,,
839MCOL250,,,,,,
840MCOL249,,,,,,
840MCOL250,,,,,,
840MCOL584,,,,,,
840MCOLK09,,,,,,
841MCOL201,,,,,,
841MCOL568,,,,,,
841MCOLK05,,,,,,
842MCOL201,,,,,,
842MCOL568,,,,,,
846MCOL200,,,,,,
846MCOL531,,,,,,
846MCOL700,,,,,,
846MCOL710,,,,,,
846MCOL760,,,,,,
847MCOL200,,,,,,
847MCOL531,,,,,,
847MCOL954,,,,,,
849MCOL700,,,,,,
849MCOL710,,,,,,
849MCOL760,,,,,,
8507COLOU43,,,,,,
8508COLOU48,,,,,,
8508COLOU49,,,,,,
8508COLU49,,,,,,
851MCOL568,,,,,,
851MCOL581,,,,,,
851MCOLK05,,,,,,
8521MCOL722,,,,,,
8528MCOL700,,,,,,
852MCOL568,,,,,,
852MCOLK05,,,,,,
8536COL700,,,,,,
853MCOL568,,,,,,
8548MCOL955/48,,,,,,
8549MCOL700/47,,,,,,
8549MCOLT65/47,,,,,,
854MCOLK05,,,,,,
8551MCOL700/46,,,,,,
8553COLT66/46,,,,,,
8556MCOLT68/46,,,,,,
8557MCOLT35/48,,,,,,
8558MCOL722,,,,,,
855MCOL568,,,,,,
855MCOL700,,,,,,
855MCOL703,,,,,,
855MCOL722,,,,,,
855MCOLH29,,,,,,
8561COLV67S,,,,,,
856MCOL581,,,,,,
856MCOL703,,,,,,
856MCOL722,,,,,,
856MCOLH29,,,,,,
8570COLT17,,,,,,
8575COL239Y,,,,,,
8577MCOLT88,,,,,,
8579COLV38,,,,,,
8584MCOL700/46,,,,,,
8584MCOLT34/44,,,,,,
8597MCOL703,,,,,,
8598MCOLC33,,,,,,
859MCOLQ14,,,,,,
8603MCOLW44,,,,,,
8604MCOLW44,,,,,,
8605COLB59,,,,,,
8605COLB61,,,,,,
8606COLB60,,,,,,
8606COLB62,,,,,,
8607COLB63,,,,,,
8607COLB64,,,,,,
8607COLB66,,,,,,
8608COLB63,,,,,,
8608COLB65,,,,,,
8608COLB66,,,,,,
860MCOL568,,,,,,
860MCOLQ14,,,,,,
8610COLB65,,,,,,
8610COLB67,,,,,,
8611COLB64,,,,,,
8611COLB68,,,,,,
8612COL964,,,,,,
8612COLC53,,,,,,
8612COLC54,,,,,,
8612COLC55,,,,,,
8617MCOLD64/49,,,,,,
8617MCOLV64S/49,,,,,,
8620COLD44,,,,,,
8620COLZ42,,,,,,
8621COLZ22,,,,,,
8626COLD93/49,,,,,,
8626COLG51/49,,,,,,
8626COLU28/49,,,,,,
8627COLU28,,,,,,
862MCOL401,,,,,,
862MCOLK04,,,,,,
862MCOLQ14,,,,,,
864ACOL568/48,,,,,,
864MCOL568/48,,,,,,
864MCOLK05/50,,,,,,
865MCOL568/48,,,,,,
865MCOLK05/48,,,,,,
866MCOL568/47,,,,,,
866MCOLK05/47,,,,,,
867MCOL530/45,,,,,,
867MCOL568/45,,,,,,
867MCOLK05/45,,,,,,
867MCOLQ52/45,,,,,,
868MCOL530/45,,,,,,
868MCOL568/45,,,,,,
868MCOLK05/45,,,,,,
868MCOLR33/45,,,,,,
871MCOL530/48,,,,,,
871MCOL568/48,,,,,,
871MCOLK05/48,,,,,,
872ACOLK05/47,,,,,,
872MCOL568/47,,,,,,
872MCOLK05/47,,,,,,
872MCOLQ52/47,,,,,,
872MCOLR33/47,,,,,,
874MCOL530/47,,,,,,
874MCOLK05/47,,,,,,
874MCOLR33/47,,,,,,
875MCOL568/46,,,,,,
875MCOLK05/46,,,,,,
876MCOL531/48,,,,,,
876MCOL568/48,,,,,,
876MCOLK05/48,,,,,,
880MCOLK01/50,,,,,,
884COL530,,,,,,
894COLS11,,,,,,
895COLK56,,,,,,
895COLS08,,,,,,
896COLK56,,,,,,
896COLS09,,,,,,
896COLS10,,,,,,
897COL531,,,,,,
897COLK21,,,,,,
898COLK21,,,,,,
898COLR79,,,,,,
899COL531,,,,,,
899COLK21,,,,,,
899COLR79,,,,,,
900COL568/48,,,,,,
900COLK05/48,,,,,,
901COL579/47,,,,,,
901COLK05/47,,,,,,
901COLR33/47,,,,,,
902COL568/47,,,,,,
902COL579/47,,,,,,
902COLK05/47,,,,,,
902COLR33/47,,,,,,
903COL568/47,,,,,,
903COLK31/47,,,,,,
903COLQ01/47,,,,,,
903COLQ11/47,,,,,,
904COL568/47,,,,,,
904COLK31/49,,,,,,
904COLQ01/49,,,,,,
904COLQ11/47,,,,,,
906COL568/48,,,,,,
906COLK05/48,,,,,,
908COLK05/47,,,,,,
908COLR91/47,,,,,,
909COL568/47,,,,,,
909COLQ35/47,,,,,,
909COLR33/47,,,,,,
909COLR95/47,,,,,,
910COLQ35/47,,,,,,
910COLR33/47,,,,,,
910COLR95/47,,,,,,
913MCOL579,,,,,,
913MCOL579X,,,,,,
913MCOL579Y,,,,,,
915MCOL579,,,,,,
915MCOL579T,,,,,,
915MCOL579X,,,,,,
916MCOL672,,,,,,
916MCOLC09,,,,,,
917MCOLC06,,,,,,
917MCOLC08,,,,,,
918MCOL531,,,,,,
918MCOL672,,,,,,
918MCOLC06,,,,,,
918MCOLC07,,,,,,
918MCOLC08,,,,,,
918MCOLC09,,,,,,
919MCOL579,,,,,,
919MCOL579T,,,,,,
919MCOL579Y,,,,,,
921MCOL568,,,,,,
921MCOL579,,,,,,
922MCOL568,,,,,,
922MCOL568X,,,,,,
922MCOL579,,,,,,
922MCOL579X,,,,,,
922MCOL579Y,,,,,,
923MCOL579,,,,,,
923MCOL579X,,,,,,
923MCOL579Y,,,,,,
923MCOL627,,,,,,
923MCOL627X,,,,,,
925MCOL579,,,,,,
925MCOL579X,,,,,,
925MCOL579Y,,,,,,
925MCOL627,,,,,,
925MCOL627X,,,,,,
932MCOL300/47,,,,,,
932MCOL568/47,,,,,,
933MCOL568/47,,,,,,
934MCOLK05/49,,,,,,
934MCOLK95/49,,,,,,
935COLK95,,,,,,
935MCOL300/49,,,,,,
935MCOLK05/49,,,,,,
936MC0L503/47,,,,,,
936MCOL531/47,,,,,,
936MCOL581/47,,,,,,
936MCOLL25/47,,,,,,
937MCOL503/47,,,,,,
937MCOL531/47,,,,,,
937MCOLL25/47,,,,,,
938MCOL503/49,,,,,,
938MCOL531/49,,,,,,
938MCOLL25/49,,,,,,
940MCOL568/50,,,,,,
940MCOLR10/50,,,,,,
941MCOLL24/50,,,,,,
941MCOLR33/50,,,,,,
942MCOL568,,,,,,
944MCOL300,,,,,,
944MCOL300X,,,,,,
944MCOL579,,,,,,
944MCOL579Y,,,,,,
947MCOL568,,,,,,
947MCOL568X,,,,,,
947MCOL579,,,,,,
947MCOLK05,,,,,,
949MCOL568,,,,,,
949MCOL568X,,,,,,
949MCOLK05,,,,,,
950MCOL300,,,,,,
950MCOL532,,,,,,
950MCOL579X,,,,,,
951MCOL300,,,,,,
951MCOL568,,,,,,
951MCOL579X,,,,,,
A2362COLQ14,,,,,,
A2363COLQ14,,,,,,
A770COL531/48,,,,,,
ADV,,,,,,
B2000COLT17,,,,,,
B2000COLT69,,,,,,
B2000COLU28,,,,,,
B2001COLLT17,,,,,,
B2001COLT69,,,,,,
B2001COLU28,,,,,,
B2002COLT17,,,,,,
B2002COLT69,,,,,,
B2002COLU28,,,,,,
B2003COLT17,,,,,,
B2003COLT69,,,,,,
B2003COLU28,,,,,,
B2004COLT17,,,,,,
B2004COLT69,,,,,,
B2004COLU28,,,,,,
B2005COLT17,,,,,,
B2005COLT69,,,,,,
B2005COLU28,,,,,,
B2006COLT17,,,,,,
B2006COLT69,,,,,,
B2006COLU28,,,,,,
B2007COLT17,,,,,,
B2007COLT69,,,,,,
B2007COLU28,,,,,,
B2008COLT17,,,,,,
B2008COLT69,,,,,,
B2008COLU28,,,,,,
BACKPACK,,,,,,
BC1042-MABRN/47,,,,,,
BC1042S-DGUN/47,,,,,,
BC1042S-MBRN/47,,,,,,
BC1042S-MBRW/47,,,,,,
BC1127S-DGUN/45,,,,,,
BC1127S-MBLK/45,,,,,,
BC1127S-MBRN/45,,,,,,
BC1321S-DGUN/47,,,,,,
BC1321S-MBLK/47,,,,,,
BC1321S-MBRN/47,,,,,,
BC1324S-DGUN/46,,,,,,
BC1324S-MBLK/46,,,,,,
BC1324S-MBRW/46,,,,,,
BC132S-DGUN/48,,,,,,
BC132S-MABRW/48,,,,,,
BC132S-MSIL/48,,,,,,
BC1425S-ASIL/46,,,,,,
BC1425S-DGUN/46,,,,,,
BC1425S-MBRN/46,,,,,,
BC223S-MASIL/48,,,,,,
BC223S-MBLCK/48,,,,,,
BC223S-MBRWN/48,,,,,,
BC406S-DGUN/47,,,,,,
BC406S-MBLCK/47,,,,,,
BC406S-MBRWN/47,,,,,,
BC982S-DGUN/51,,,,,,
BC982S-MBRWN/51,,,,,,
BCN1080S-MBR/48,,,,,,
BCN1080S-MBRN48,,,,,,
BEANIE,,,,,,
BLANA,,,,,,
BLANAB,,,,,,
BLANKS,,,,,,
BLANKS-AG,,,,,,
BLANKSASS,,,,,,
BLANKSASSFM,,,,,,
BLANKSASSGM,,,,,,
BLANKS-ATG,,,,,,
BLANKS-B/MIRROR,,,,,,
BLANKS-BITBRW,,,,,,
BLANKSBITGR,,,,,,
BLANKSBITGRY,,,,,,
BLANKS-BITLBLU,,,,,,
BLANKS-BMR,,,,,,
BLANKS-BMV,,,,,,
BLANKS-BR,,,,,,
BLANKS-CAG,,,,,,
BLANKS-FG,,,,,,
BLANKSFGR,,,,,,
BLANKS-GRC,,,,,,
BLANKS-GREEN,,,,,,
BLANKS-GREY,,,,,,
BLANKS-LBC,,,,,,
BLANKS-LBR,,,,,,
BLANKS-LBRC,,,,,,
BLANKS-PINK,,,,,,
BLANKS-POLOR,,,,,,
BLANKS-R/C,,,,,,
BLANKS-R/GREEN,,,,,,
BLANKS-R/GREY,,,,,,
BLANKS-RAG,,,,,,
BLANKS-RBV,,,,,,
BLANKS-RLB,,,,,,
BLANKS-RSR,,,,,,
BLANKS-RV,,,,,,
BLANKS-S/MIRROR,,,,,,
C.P.A. FEE,,,,,,
CAPS(B),,,,,,
CAPS/BC(BLK),,,,,,
CAPS/BC(BW),,,,,,
CATALOGUE,,,,,,
CATALOGUE1,,,,,,
CONS,,,,,,
CONSSTOCK,,,,,,
COURIER,,,,,,
COURIER2,,,,,,
CT01,,,,,,
CT02,,,,,,
CT03,,,,,,
CT04,,,,,,
CT05,,,,,,
CT06,,,,,,
CUTTING,,,,,,
D1226COL5700,,,,,,
D1226COL703,,,,,,
D1226COL716,,,,,,
D1226COL9724,,,,,,
D1227COL5700,,,,,,
D1227COL703,,,,,,
D1227COL716,,,,,,
D1227COL9724,,,,,,
D1228COL703,,,,,,
D1228COL716,,,,,,
D1231COL700,,,,,,
D1231COL740,,,,,,
D1233COL700,,,,,,
D1233COL740,,,,,,
D1233COL880,,,,,,
D1235COL700,,,,,,
D1235COL740,,,,,,
D1236COL880,,,,,,
D1243COL801,,,,,,
D1244COL801,,,,,,
D1244COL880,,,,,,
D1245COL700,,,,,,
D1246COL724,,,,,,
D1247COL724,,,,,,
D1262COL700,,,,,,
D1262COL722,,,,,,
D1263COL722,,,,,,
D1263COL958,,,,,,
D1264COL722,,,,,,
D1264COL958,,,,,,
D1266COLZ83,,,,,,
D1266COLZ86,,,,,,
D1266COLZ88,,,,,,
D1267COLU28,,,,,,
D1267COLZ83,,,,,,
D1268COLU28,,,,,,
D1268COLZ83,,,,,,
D1280COLV87,,,,,,
D1280COLZ42,,,,,,
D1280COLZ88,,,,,,
D1281COLU28,,,,,,
D1281COLV87,,,,,,
D1281COLZ88,,,,,,
D1284COLU20,,,,,,
D1284COLV88,,,,,,
D1284COLZ77,,,,,,
D1285COLV88,,,,,,
D1285COLV94,,,,,,
D1286MCOL200,,,,,,
D1286MCOL700,,,,,,
D1286MCOL705S,,,,,,
D1286MCOL958,,,,,,
D1287MCOL200,,,,,,
D1287MCOL568,,,,,,
D1287MCOL700,,,,,,
D1287MCOL710,,,,,,
D1287MCOL955,,,,,,
D1287MCOLV07S,,,,,,
D1291MCOL885,,,,,,
D1292MCOL700,,,,,,
D1292MCOL722,,,,,,
D1293COL700,,,,,,
D1293COL722,,,,,,
D1293COLV67,,,,,,
D1294COL700,,,,,,
D1294COL703,,,,,,
D1294COL703Y,,,,,,
D1294COL722,,,,,,
D1294COLV67,,,,,,
D1295COL700,,,,,,
D1295COL722,,,,,,
D1295COLV67,,,,,,
D1296COL700,,,,,,
D1296COL739,,,,,,
D1296COL824,,,,,,
D1297COL703,,,,,,
D1297COL963,,,,,,
D1297COLZ42X,,,,,,
D1297COLZ42Y,,,,,,
D1299COL700,,,,,,
D1299COL955,,,,,,
D1299COL958,,,,,,
D1300COL700,,,,,,
D1300COL958,,,,,,
D1313COL700,,,,,,
D1313COL722,,,,,,
D1314COL700,,,,,,
D1319COLT80,,,,,,
D1319COLU28,,,,,,
D1319COLV87,,,,,,
D1326MCOL700X,,,,,,
D1326MCOL722,,,,,,
D1332COL824,,,,,,
D1332COLT19,,,,,,
D1332COLU28,,,,,,
D1332COLZ42,,,,,,
D1333COLT17,,,,,,
D1333COLT80,,,,,,
D1333COLU28,,,,,,
D1334COL824,,,,,,
D1341MCOL700,,,,,,
D1341MCOLT95,,,,,,
D1341MCOLV85,,,,,,
D1343MCOL700,,,,,,
D1344MCOL700,,,,,,
D1344MCOLT95,,,,,,
D1347MCOL700,,,,,,
D1347MCOLV85,,,,,,
D1350COL760S,,,,,,
D1350MCOL608,,,,,,
D1350MCOL700,,,,,,
D1350MCOL703,,,,,,
D1350MCOL880,,,,,,
D1352COLB01,,,,,,
D1352COLJ96,,,,,,
D1353COL700,,,,,,
D1353COL704,,,,,,
D1354COL700,,,,,,
D1354COL704,,,,,,
D1354COL958,,,,,,
D1355COLT02,,,,,,
D1355COLV87,,,,,,
D1355COLW74,,,,,,
D1355COLW85,,plastic,,,,
D1356COLU28,,plastic,,,,
D1356COLW74,,plastic,,,,
D1356COLW75,,plastic,,,,
D1356COLW84,,plastic,,,,
D1357COLT17,,plastic,,,,
D1357COLZ42Y,,plastic,,,,
D1358COL880,,plastic,,,,
D1358COLT17,,plastic,,,,
D1358COLW88,,plastic,,,,
D1358COLZ42,,plastic,,,,
D1358COLZ42Y,,plastic,,,,
D1366COL700,,plastic,,,,
D1369COLT17,,plastic,,,,
D1369COLU28,,plastic,,,,
D1369COLU28Y,,plastic,,,,
D1369COLW04,,plastic,,,,
D1369COLW74,,plastic,,,,
D1369COLW83,,plastic,,,,
D1369COLW88,,plastic,,,,
D1381COL703,,plastic,,,,
D1381COL722S,,plastic,,,,
D1382COLB29,,plastic,,,,
D1382COLB31,,plastic,,,,
D1382COLB32,,plastic,,,,
D1382COLB33,,plastic,,,,
D1383COL722,,plastic,,,,
D2749COL568A,,,,,,
PACK,,,,,,
